Country,Code,Name,Type,Model,Thermal,Gross,Net,Operator,Supplier,Start,Connection,Operation,Shutdown,EAF,UCF,NEA,Status
ARGENTINA,AR -1   ,ATUCHA-1,PHWR ,PHWR KWU,1179,362,340,NASA,SIEMENS,1968-6 ,1974-3 ,1974-6 ,,74.6,75.5,-,Online
ARGENTINA,AR -2   ,EMBALSE,PHWR ,CANDU 6,2064,656,608,NASA,AECL,1974-4 ,1983-4 ,1984-1 ,,78.7,78.9,-,Online
ARGENTINA,AR -3   ,ATUCHA-2,PHWR ,PHWR KWU,2160,745,693,NASA,SIEMENS,1981-7 ,2014-6 ,2016-5 ,,53.9,53.9,-,Online
ARMENIA,AM -19  ,ARMENIAN-2,PWR  ,VVER V-270,1375,451,448,ANPPCJSC,FAEA,1975-7 ,1980-1 ,1980-5 ,,65,67,-,Online
BELARUS,BY -1   ,BELARUSIAN-1,PWR  ,VVER V-491,3200,1194,1110,BelNPP,JSC ASE,2013-11,2020-11,2021-6 ,,58.7,58.7,-,Online
BELGIUM,BE -2   ,DOEL-1,PWR  ,WH 2LP,1311,454,445,EBL+EDF,ACECOWEN,1969-7 ,1974-8 ,1975-2 ,,83.6,84.4,-,Online
BELGIUM,BE -3   ,TIHANGE-1,PWR  ,Framatome 3 lo,2873,1009,962,EBL,ACLF,1970-6 ,1975-3 ,1975-10,,80.3,82.3,-,Online
BELGIUM,BE -4   ,DOEL-2,PWR  ,WH 2LP,1311,454,445,EBL+EDF,ACECOWEN,1971-9 ,1975-8 ,1975-12,,81.1,81.9,-,Online
BELGIUM,BE -5   ,DOEL-3,PWR  ,WH 3LP,3054,1056,1006,EBL+EDF,FRAMACEC,1975-1 ,1982-6 ,1982-10,,78.8,79.8,-,Online
BELGIUM,BE -6   ,TIHANGE-2,PWR  ,WH 3LP,3064,1055,1008,EBL,FRAMACEC,1976-4 ,1982-10,1983-6 ,,79.9,80.7,-,Online
BELGIUM,BE -7   ,DOEL-4,PWR  ,WH 3LP,2988,1090,1038,EBL+EDF,ACECOWEN,1978-12,1985-4 ,1985-7 ,,83.5,84.1,-,Online
BELGIUM,BE -8   ,TIHANGE-3,PWR  ,WH 3LP,3000,1089,1038,EBL,ACECOWEN,1978-11,1985-6 ,1985-9 ,,86.3,87.7,-,Online
BRAZIL,BR -1   ,ANGRA-1,PWR  ,WH 2LP,1882,640,609,ELETROBR,WH,1971-5 ,1982-4 ,1985-1 ,,63.6,68.4,-,Online
BRAZIL,BR -2   ,ANGRA-2,PWR  ,PRE KONVOI,3764,1350,1275,ELETROBR,KWU,1976-1 ,2000-7 ,2001-2 ,,86.7,87.8,-,Online
BULGARIA,BG -5   ,KOZLODUY-5,PWR  ,VVER V-320,3120,1040,1003,KNPP,AEE,1980-7 ,1987-11,1988-12,,73.3,75.3,DH,Online
BULGARIA,BG -6   ,KOZLODUY-6,PWR  ,VVER V-320,3120,1040,1003,K N N P,AEE,1982-4 ,1991-8 ,1993-12,,79,80.8,DH,Online
CANADA,CA -10  ,BRUCE-3,PHWR ,CANDU 750A,2550,865,770,BRUCEPOW,OH/AECL,1972-7 ,1977-12,1978-2 ,,74,74.5,-,Online
CANADA,CA -11  ,BRUCE-4,PHWR ,CANDU 750A,2550,868,769,BRUCEPOW,OH/AECL,1972-9 ,1978-12,1979-1 ,,74.7,75.3,-,Online
CANADA,CA -13  ,PICKERING-5,PHWR ,CANDU 500B,1744,540,516,OPG,OH/AECL,1974-11,1982-12,1983-5 ,,74.6,75.3,-,Online
CANADA,CA -14  ,PICKERING-6,PHWR ,CANDU 500B,1744,540,516,OPG,OH/AECL,1975-10,1983-11,1984-2 ,,78.6,79.3,-,Online
CANADA,CA -15  ,PICKERING-7,PHWR ,CANDU 500B,1744,540,516,OPG,OH/AECL,1976-3 ,1984-11,1985-1 ,,77.9,78.5,-,Online
CANADA,CA -16  ,PICKERING-8,PHWR ,CANDU 500B,1744,540,516,OPG,OH/AECL,1976-9 ,1986-1 ,1986-2 ,,75.5,76.2,-,Online
CANADA,CA -17  ,POINT LEPREAU,PHWR ,CANDU 6,2180,705,660,NBEPC,AECL,1975-5 ,1982-9 ,1983-2 ,,72.4,73.1,-,Online
CANADA,CA -18  ,BRUCE-5,PHWR ,CANDU 750B,2832,872,817,BRUCEPOW,OH/AECL,1978-5 ,1984-12,1985-2 ,,85.7,86.2,-,Online
CANADA,CA -19  ,BRUCE-6,PHWR ,CANDU 750B,2690,891,817,BRUCEPOW,OH/AECL,1978-1 ,1984-6 ,1984-9 ,,79,79.6,-,Online
CANADA,CA -20  ,BRUCE-7,PHWR ,CANDU 750B,2832,872,817,BRUCEPOW,OH/AECL,1979-5 ,1986-2 ,1986-4 ,,85.7,86.4,-,Online
CANADA,CA -21  ,BRUCE-8,PHWR ,CANDU 750B,2690,872,817,BRUCEPOW,OH/AECL,1979-7 ,1987-3 ,1987-5 ,,84,84.9,-,Online
CANADA,CA -22  ,DARLINGTON-1,PHWR ,CANDU 850,2776,934,878,OPG,OH/AECL,1982-4 ,1990-12,1992-11,,85.1,86.1,-,Online
CANADA,CA -23  ,DARLINGTON-2,PHWR ,CANDU 850,2776,934,878,OPG,OH/AECL,1981-9 ,1990-1 ,1990-10,,71.2,72.1,-,Online
CANADA,CA -24  ,DARLINGTON-3,PHWR ,CANDU 850,2776,934,878,OPG,OH/AECL,1984-9 ,1992-12,1993-2 ,,82.4,83.1,-,Online
CANADA,CA -25  ,DARLINGTON-4,PHWR ,CANDU 850,2776,934,878,OPG,OH/AECL,1985-7 ,1993-4 ,1993-6 ,,85.5,86.3,-,Online
CANADA,CA -4   ,PICKERING-1,PHWR ,CANDU 500A,1744,542,515,OPG,OH/AECL,1966-6 ,1971-4 ,1971-7 ,,68,68.2,-,Online
CANADA,CA -7   ,PICKERING-4,PHWR ,CANDU 500A,1744,542,515,OPG,OH/AECL,1968-5 ,1973-5 ,1973-6 ,,68.2,68.6,-,Online
CANADA,CA -8   ,BRUCE-1,PHWR ,CANDU 791,2620,868,774,BRUCEPOW,OH/AECL,1971-6 ,1977-1 ,1977-9 ,,72.4,72.8,-,Online
CANADA,CA -9   ,BRUCE-2,PHWR ,CANDU 791,2620,836,777,BRUCEPOW,OH/AECL,1970-12,1976-9 ,1977-9 ,,69.9,70.4,-,Online
CHINA,CN -1   ,QINSHAN-1,PWR  ,CNP-300,966,330,308,CNNO,CNNC,1985-3 ,1991-12,1994-4 ,,82.3,83.3,-,Online
CHINA,CN -10  ,TIANWAN-1,PWR  ,VVER V-428,3000,1060,1000,JNPC,IZ,1999-10,2006-5 ,2007-5 ,,86.8,87,-,Online
CHINA,CN -11  ,TIANWAN-2,PWR  ,VVER V-428,3000,1060,1000,JNPC,IZ,2000-9 ,2007-5 ,2007-8 ,,89.4,89.6,-,Online
CHINA,CN -12  ,LING AO-3,PWR  ,CPR-1000,2905,1086,1007,DNMC,DEC,2005-12,2010-7 ,2010-9 ,,87.6,88,-,Online
CHINA,CN -13  ,LING AO-4,PWR  ,CPR-1000,2905,1086,1007,DNMC,DEC,2006-6 ,2011-5 ,2011-8 ,,89.4,90,-,Online
CHINA,CN -14  ,QINSHAN 2-3,PWR  ,CNP-600,1930,660,619,NPQJVC,CNNC,2006-4 ,2010-8 ,2010-10,,90.6,90.7,-,Online
CHINA,CN -15  ,QINSHAN 2-4,PWR  ,CNP-600,1930,660,619,NPQJVC,CNNC,2007-1 ,2011-11,2011-12,,91.1,91.2,-,Online
CHINA,CN -16  ,HONGYANHE-1,PWR  ,CPR-1000,2905,1119,1061,LHNPC,DEC,2007-8 ,2013-2 ,2013-6 ,,88.9,89.9,-,Online
CHINA,CN -17  ,HONGYANHE-2,PWR  ,CPR-1000,2905,1119,1061,LHNPC,DEC,2008-3 ,2013-11,2014-5 ,,86.1,87.2,-,Online
CHINA,CN -18  ,NINGDE-1,PWR  ,CPR-1000,2905,1089,1018,NDNP,DEC,2008-2 ,2012-12,2013-4 ,,87.9,87.9,-,Online
CHINA,CN -19  ,NINGDE-2,PWR  ,CPR-1000,2905,1089,1018,NDNP,SHE,2008-11,2014-1 ,2014-5 ,,91.6,91.6,-,Online
CHINA,CN -2   ,DAYA BAY-1,PWR  ,M310,2905,984,944,DNMC,FRAM,1987-8 ,1993-8 ,1994-2 ,,86.5,88.9,-,Online
CHINA,CN -20  ,FUQING-1,PWR  ,CNP-1000,2905,1089,1000,FQNP,NPIC,2008-11,2014-8 ,2014-11,,90,90.3,-,Online
CHINA,CN -21  ,FUQING-2,PWR  ,CNP-1000,2905,1089,1000,FQNP,NPIC,2009-6 ,2015-8 ,2015-10,,88.8,89.1,-,Online
CHINA,CN -22  ,YANGJIANG-1,PWR  ,CPR-1000,2905,1086,1000,YJNPC,CFHI,2008-12,2013-12,2014-3 ,,90.4,90.4,-,Online
CHINA,CN -23  ,YANGJIANG-2,PWR  ,CPR-1000,2905,1086,1000,YJNPC,CFHI,2009-6 ,2015-3 ,2015-6 ,,91.5,91.5,-,Online
CHINA,CN -24  ,FANGJIASHAN-1,PWR  ,CPR-1000,2905,1089,1012,QNPC,NPIC,2008-12,2014-11,2014-12,,91.9,92.3,-,Online
CHINA,CN -25  ,FANGJIASHAN-2,PWR  ,CPR-1000,2905,1089,1012,QNPC,NPIC,2009-7 ,2015-1 ,2015-2 ,,91.3,91.8,-,Online
CHINA,CN -26  ,HONGYANHE-3,PWR  ,CPR-1000,2905,1119,1061,LHNPC,DEC,2009-3 ,2015-3 ,2015-8 ,,89.3,90.7,-,Online
CHINA,CN -27  ,HONGYANHE-4,PWR  ,CPR-1000,2905,1119,1061,LHNPC,DEC,2009-8 ,2016-4 ,2016-6 ,,89.6,90.8,-,Online
CHINA,CN -28  ,SANMEN-1,PWR  ,AP-1000,3400,1251,1157,SMNPC,WH/MHI,2009-4 ,2018-6 ,2018-9 ,,91.2,92.1,-,Online
CHINA,CN -29  ,SANMEN-2,PWR  ,AP-1000,3400,1251,1157,SMNPC,WH/MHI,2009-12,2018-8 ,2018-11,,66.5,67.8,-,Online
CHINA,CN -3   ,DAYA BAY-2,PWR  ,M310,2905,984,944,DNMC,FRAM,1988-4 ,1994-2 ,1994-5 ,,86.6,87.7,-,Online
CHINA,CN -30  ,HAIYANG-1,PWR  ,AP-1000,3415,1250,1170,SDNPC,WH,2009-9 ,2018-8 ,2018-10,,91.5,92.3,-,Online
CHINA,CN -31  ,HAIYANG-2,PWR  ,AP-1000,3415,1250,1170,SDNPC,WH,2010-6 ,2018-10,2019-1 ,,93.1,93.9,-,Online
CHINA,CN -32  ,TAISHAN-1,PWR  ,EPR-1750,4590,1750,1660,TNPJVC,ORANO,2009-11,2018-6 ,2018-12,,72.5,73,-,Online
CHINA,CN -33  ,TAISHAN-2,PWR  ,EPR-1750,4590,1750,1660,TNPJVC,ORANO,2010-4 ,2019-6 ,2019-9 ,,89.1,90,-,Online
CHINA,CN -34  ,NINGDE-3,PWR  ,CPR-1000,2905,1089,1018,NDNP,CFHI,2010-1 ,2015-3 ,2015-6 ,,92,92,-,Online
CHINA,CN -35  ,NINGDE-4,PWR  ,CPR-1000,2905,1089,1018,NDNP,CFHI,2010-9 ,2016-3 ,2016-7 ,,93.4,93.4,-,Online
CHINA,CN -36  ,CHANGJIANG-1,PWR  ,CNP-600,1930,650,601,HNPC,DEC,2010-4 ,2015-11,2015-12,,88.8,88.8,-,Online
CHINA,CN -37  ,CHANGJIANG-2,PWR  ,CNP-600,1930,650,601,HNPC,DEC,2010-11,2016-6 ,2016-8 ,,89.2,89.2,-,Online
CHINA,CN -38  ,FANGCHENGGANG-1,PWR  ,CPR-1000,2905,1086,1000,GFNPC,DEC,2010-7 ,2015-10,2016-1 ,,91.8,91.8,-,Online
CHINA,CN -39  ,FANGCHENGGANG-2,PWR  ,CPR-1000,2905,1086,1000,GFNPC,DEC,2010-12,2016-7 ,2016-10,,93.2,93.2,-,Online
CHINA,CN -4   ,QINSHAN 2-1,PWR  ,CNP-600,1930,650,610,NPQJVC,CNNC,1996-6 ,2002-2 ,2002-4 ,,84.4,84.5,-,Online
CHINA,CN -40  ,YANGJIANG-3,PWR  ,CPR-1000,2905,1086,1000,YJNPC,CFHI,2010-11,2015-10,2016-1 ,,91.4,91.7,-,Online
CHINA,CN -41  ,YANGJIANG-4,PWR  ,CPR-1000,2905,1086,1000,YJNPC,CFHI,2012-11,2017-1 ,2017-3 ,,90.5,90.6,-,Online
CHINA,CN -42  ,FUQING-3,PWR  ,CNP-1000,2905,1089,1000,FQNP,NPIC,2010-12,2016-9 ,2016-10,,89.5,89.8,-,Online
CHINA,CN -43  ,FUQING-4,PWR  ,CNP-1000,2905,1089,1000,FQNP,NPIC,2012-11,2017-7 ,2017-9 ,,90.7,91.1,-,Online
CHINA,CN -44  ,SHIDAO BAY-1,HTGR ,HTR-PM,500,211,200,HSNPC,TSINGHUA,2012-12,2021-12,,,0,0,-,Online
CHINA,CN -45  ,TIANWAN-3,PWR  ,VVER V-428M,3000,1126,1060,JNPC,IZ,2012-12,2017-12,2018-2 ,,88.7,89.3,-,Online
CHINA,CN -46  ,TIANWAN-4,PWR  ,VVER V-428M,3000,1126,1060,JNPC,IZ,2013-9 ,2018-10,2018-12,,91.9,91.9,-,Online
CHINA,CN -47  ,YANGJIANG-5,PWR  ,ACPR-1000,2905,1086,1000,YJNPC,CFHI,2013-9 ,2018-5 ,2018-7 ,,91.7,91.9,-,Online
CHINA,CN -48  ,YANGJIANG-6,PWR  ,ACPR-1000,2905,1086,1000,YJNPC,CFHI,2013-12,2019-6 ,2019-7 ,,92.4,92.4,-,Online
CHINA,CN -49  ,HONGYANHE-5,PWR  ,ACPR-1000,2905,1119,1061,LHNPC,DEC,2015-3 ,2021-6 ,2021-7 ,,97.7,100,-,Online
CHINA,CN -5   ,QINSHAN 2-2,PWR  ,CNP-600,1930,650,610,NPQJVC,CNNC,1997-4 ,2004-3 ,2004-5 ,,88.9,89,-,Online
CHINA,CN -51  ,FUQING-5,PWR  ,HPR1000,3060,1150,1075,FQNP,NPIC,2015-5 ,2020-11,2021-1 ,,91.5,92.1,-,Online
CHINA,CN -53  ,TIANWAN-5,PWR  ,CNP-1000,2905,1118,1060,JNPC,SHE,2015-12,2020-8 ,2020-9 ,,86.5,87.4,-,Online
CHINA,CN -54  ,TIANWAN-6,PWR  ,CNP-1000,2905,1118,1060,JNPC,CFHI,2016-9 ,2021-5 ,2021-6 ,,98.9,100,-,Online
CHINA,CN -6   ,LING AO-1,PWR  ,M310,2905,990,950,DNMC,FRAM,1997-5 ,2002-2 ,2002-5 ,,89.8,90.2,-,Online
CHINA,CN -7   ,LING AO-2,PWR  ,M310,2905,990,950,DNMC,FRAM,1997-11,2002-9 ,2003-1 ,,90.5,90.8,-,Online
CHINA,CN -8   ,QINSHAN 3-1,PHWR ,CANDU 6,2064,728,677,TQNPC,AECL,1998-6 ,2002-11,2002-12,,89.7,90.2,-,Online
CHINA,CN -9   ,QINSHAN 3-2,PHWR ,CANDU 6,2064,728,677,TQNPC,AECL,1998-9 ,2003-6 ,2003-7 ,,91.4,91.8,-,Online
CHINA,CN -901 ,CEFR,FBR  ,BN-20,65,25,20,CIAE,IZ,2000-5 ,2011-7 ,,,0,0,-,Online
CZECH REP.,CZ -23  ,TEMELIN-1,PWR  ,VVER V-320,3120,1082,1027,CEZ,ŠKODA ,1987-2 ,2000-12,2002-6 ,,75.8,76,DH,Online
CZECH REP.,CZ -24  ,TEMELIN-2,PWR  ,VVER V-320,3120,1082,1029,CEZ,ŠKODA ,1987-2 ,2002-12,2003-4 ,,77.8,78,DH,Online
CZECH REP.,CZ -4   ,DUKOVANY-1,PWR  ,VVER V-213,1444,500,468,CEZ,ŠKODA ,1979-1 ,1985-2 ,1985-5 ,,83.1,84,-,Online
CZECH REP.,CZ -5   ,DUKOVANY-2,PWR  ,VVER V-213,1444,500,471,CEZ,ŠKODA ,1979-1 ,1986-1 ,1986-3 ,,81.7,82.7,-,Online
CZECH REP.,CZ -8   ,DUKOVANY-3,PWR  ,VVER V-213,1444,500,468,CEZ,ŠKODA ,1979-3 ,1986-11,1986-12,,81.2,82.7,-,Online
CZECH REP.,CZ -9   ,DUKOVANY-4,PWR  ,VVER V-213,1444,500,471,CEZ,ŠKODA ,1979-3 ,1987-6 ,1987-7 ,,83.5,84.4,-,Online
FINLAND,FI -1   ,LOVIISA-1,PWR  ,VVER V-213,1500,531,507,FORTUMPH,AEE,1971-5 ,1977-2 ,1977-5 ,,88,88.6,-,Online
FINLAND,FI -2   ,LOVIISA-2,PWR  ,VVER V-213,1500,531,507,FORTUMPH,AEE,1972-8 ,1980-11,1981-1 ,,89.5,90.3,-,Online
FINLAND,FI -3   ,OLKILUOTO-1,BWR  ,"AA-III, BWR-25",2500,920,890,TVO,ASEASTAL,1974-2 ,1978-9 ,1979-10,,92.8,93.2,-,Online
FINLAND,FI -4   ,OLKILUOTO-2,BWR  ,"AA-III, BWR-25",2500,920,890,TVO,ASEASTAL,1975-11,1980-2 ,1982-7 ,,93,93.6,-,Online
FRANCE,FR -13  ,BUGEY-2,PWR  ,CP0,2785,945,910,EDF,FRAM,1972-11,1978-5 ,1979-3 ,,72.2,74.4,-,Online
FRANCE,FR -14  ,BUGEY-3,PWR  ,CP0,2785,945,910,EDF,FRAM,1973-9 ,1978-9 ,1979-3 ,,70.8,73.3,-,Online
FRANCE,FR -15  ,BUGEY-4,PWR  ,CP0,2785,917,880,EDF,FRAM,1974-6 ,1979-3 ,1979-7 ,,74.3,76.3,-,Online
FRANCE,FR -16  ,BUGEY-5,PWR  ,CP0,2785,917,880,EDF,FRAM,1974-7 ,1979-7 ,1980-1 ,,72.4,74.8,-,Online
FRANCE,FR -17  ,ST. LAURENT B-1,PWR  ,CP2,2785,956,915,EDF,FRAM,1976-5 ,1981-1 ,1983-8 ,,75.2,77.4,-,Online
FRANCE,FR -18  ,TRICASTIN-1,PWR  ,CP1,2785,955,915,EDF,FRAM,1974-11,1980-5 ,1980-12,,75.2,78,-,Online
FRANCE,FR -19  ,TRICASTIN-2,PWR  ,CP1,2785,955,915,EDF,FRAM,1974-12,1980-8 ,1980-12,,74.9,78.4,-,Online
FRANCE,FR -20  ,GRAVELINES-1,PWR  ,CP1,2785,951,910,EDF,FRAM,1975-2 ,1980-3 ,1980-11,,74.1,76,-,Online
FRANCE,FR -21  ,GRAVELINES-2,PWR  ,CP1,2785,951,910,EDF,FRAM,1975-3 ,1980-8 ,1980-12,,76.8,79,-,Online
FRANCE,FR -22  ,DAMPIERRE-1,PWR  ,CP1,2785,937,890,EDF,FRAM,1975-2 ,1980-3 ,1980-9 ,,74.8,77.7,-,Online
FRANCE,FR -23  ,ST. LAURENT B-2,PWR  ,CP2,2785,956,915,EDF,FRAM,1976-7 ,1981-6 ,1983-8 ,,75,77.5,-,Online
FRANCE,FR -25  ,TRICASTIN-3,PWR  ,CP1,2785,955,915,EDF,FRAM,1975-4 ,1981-2 ,1981-5 ,,76.9,80.4,-,Online
FRANCE,FR -26  ,TRICASTIN-4,PWR  ,CP1,2785,955,915,EDF,FRAM,1975-5 ,1981-6 ,1981-11,,78.8,81.3,-,Online
FRANCE,FR -27  ,GRAVELINES-3,PWR  ,CP1,2785,951,910,EDF,FRAM,1975-12,1980-12,1981-6 ,,77.4,78.9,-,Online
FRANCE,FR -28  ,GRAVELINES-4,PWR  ,CP1,2785,951,910,EDF,FRAM,1976-4 ,1981-6 ,1981-10,,78,79.5,-,Online
FRANCE,FR -29  ,DAMPIERRE-2,PWR  ,CP1,2785,937,890,EDF,FRAM,1975-4 ,1980-12,1981-2 ,,77.1,78.8,-,Online
FRANCE,FR -30  ,DAMPIERRE-3,PWR  ,CP1,2785,937,890,EDF,FRAM,1975-9 ,1981-1 ,1981-5 ,,77.7,79.5,-,Online
FRANCE,FR -31  ,DAMPIERRE-4,PWR  ,CP1,2785,937,890,EDF,FRAM,1975-12,1981-8 ,1981-11,,75.7,78.1,-,Online
FRANCE,FR -32  ,BLAYAIS-1,PWR  ,CP1,2785,951,910,EDF,FRAM,1977-1 ,1981-6 ,1981-12,,76.8,79.6,-,Online
FRANCE,FR -33  ,BLAYAIS-2,PWR  ,CP1,2785,951,910,EDF,FRAM,1977-1 ,1982-7 ,1983-2 ,,80.1,82.1,-,Online
FRANCE,FR -34  ,BLAYAIS-3,PWR  ,CP1,2785,951,910,EDF,FRAM,1978-4 ,1983-8 ,1983-11,,78.8,80.8,-,Online
FRANCE,FR -35  ,BLAYAIS-4,PWR  ,CP1,2785,951,910,EDF,FRAM,1978-4 ,1983-5 ,1983-10,,78.6,81,-,Online
FRANCE,FR -36  ,PALUEL-1,PWR  ,P4 REP 1300,3817,1382,1330,EDF,FRAM,1977-8 ,1984-6 ,1985-12,,75.4,78.1,-,Online
FRANCE,FR -37  ,PALUEL-2,PWR  ,P4 REP 1300,3817,1382,1330,EDF,FRAM,1978-1 ,1984-9 ,1985-12,,67,69.3,-,Online
FRANCE,FR -38  ,PALUEL-3,PWR  ,P4 REP 1300,3817,1382,1330,EDF,FRAM,1979-2 ,1985-9 ,1986-2 ,,71.7,74.2,-,Online
FRANCE,FR -39  ,PALUEL-4,PWR  ,P4 REP 1300,3817,1382,1330,EDF,FRAM,1980-2 ,1986-4 ,1986-6 ,,76.4,78.5,-,Online
FRANCE,FR -40  ,CHINON B-1,PWR  ,CP2,2785,954,905,EDF,FRAM,1977-3 ,1982-11,1984-2 ,,76.3,78.1,-,Online
FRANCE,FR -41  ,CHINON B-2,PWR  ,CP2,2785,954,905,EDF,FRAM,1977-3 ,1983-11,1984-8 ,,76.4,78.4,-,Online
FRANCE,FR -42  ,CRUAS-1,PWR  ,CP2,2785,956,915,EDF,FRAM,1978-8 ,1983-4 ,1984-4 ,,76.2,78.7,-,Online
FRANCE,FR -43  ,CRUAS-2,PWR  ,CP2,2785,956,915,EDF,FRAM,1978-11,1984-9 ,1985-4 ,,77,80.2,-,Online
FRANCE,FR -44  ,CRUAS-3,PWR  ,CP2,2785,956,915,EDF,FRAM,1979-4 ,1984-5 ,1984-9 ,,77.1,80.6,-,Online
FRANCE,FR -45  ,CRUAS-4,PWR  ,CP2,2785,956,915,EDF,FRAM,1979-10,1984-10,1985-2 ,,75.7,78.6,-,Online
FRANCE,FR -46  ,FLAMANVILLE-1,PWR  ,P4 REP 1300,3817,1382,1330,EDF,FRAM,1979-12,1985-12,1986-12,,69.4,72.3,-,Online
FRANCE,FR -47  ,FLAMANVILLE-2,PWR  ,P4 REP 1300,3817,1382,1330,EDF,FRAM,1980-5 ,1986-7 ,1987-3 ,,73.7,75.6,-,Online
FRANCE,FR -48  ,ST. ALBAN-1,PWR  ,P4 REP 1300,3817,1381,1335,EDF,FRAM,1979-1 ,1985-8 ,1986-5 ,,75,77.3,-,Online
FRANCE,FR -49  ,ST. ALBAN-2,PWR  ,P4 REP 1300,3817,1381,1335,EDF,FRAM,1979-7 ,1986-7 ,1987-3 ,,75.6,78.4,-,Online
FRANCE,FR -50  ,CATTENOM-1,PWR  ,P4 REP 1300,3817,1362,1300,EDF,FRAM,1979-10,1986-11,1987-4 ,,73.1,74.9,-,Online
FRANCE,FR -51  ,GRAVELINES-5,PWR  ,CP1,2785,951,910,EDF,FRAM,1979-10,1984-8 ,1985-1 ,,76.4,78.1,-,Online
FRANCE,FR -52  ,GRAVELINES-6,PWR  ,CP1,2785,951,910,EDF,FRAM,1979-10,1985-8 ,1985-10,,78.3,79.9,-,Online
FRANCE,FR -53  ,CATTENOM-2,PWR  ,P4 REP 1300,3817,1362,1300,EDF,FRAM,1980-7 ,1987-9 ,1988-2 ,,76.8,79.1,-,Online
FRANCE,FR -54  ,BELLEVILLE-1,PWR  ,P4 REP 1300,3817,1363,1310,EDF,FRAM,1980-5 ,1987-10,1988-6 ,,75.8,77.4,-,Online
FRANCE,FR -55  ,BELLEVILLE-2,PWR  ,P4 REP 1300,3817,1363,1310,EDF,FRAM,1980-8 ,1988-7 ,1989-1 ,,77,78.9,-,Online
FRANCE,FR -56  ,CHINON B-3,PWR  ,CP2,2785,954,905,EDF,FRAM,1980-10,1986-10,1987-3 ,,77.6,79.3,-,Online
FRANCE,FR -57  ,CHINON B-4,PWR  ,CP2,2785,954,905,EDF,FRAM,1981-2 ,1987-11,1988-4 ,,78.7,80.7,-,Online
FRANCE,FR -58  ,NOGENT-1,PWR  ,P4 REP 1300,3817,1363,1310,EDF,FRAM,1981-5 ,1987-10,1988-2 ,,77.7,79.7,-,Online
FRANCE,FR -59  ,NOGENT-2,PWR  ,P4 REP 1300,3817,1363,1310,EDF,FRAM,1982-1 ,1988-12,1989-5 ,,80,82.3,-,Online
FRANCE,FR -60  ,CATTENOM-3,PWR  ,P4 REP 1300,3817,1362,1300,EDF,FRAM,1982-6 ,1990-7 ,1991-2 ,,77.9,80,-,Online
FRANCE,FR -61  ,GOLFECH-1,PWR  ,P4 REP 1300,3817,1363,1310,EDF,FRAM,1982-11,1990-6 ,1991-2 ,,82.9,85.8,-,Online
FRANCE,FR -62  ,CHOOZ B-1,PWR  ,N4 REP 1450,4270,1560,1500,EDF,FRAM,1984-1 ,1996-8 ,2000-5 ,,77.6,81,-,Online
FRANCE,FR -63  ,PENLY-1,PWR  ,P4 REP 1300,3817,1382,1330,EDF,FRAM,1982-9 ,1990-5 ,1990-12,,80.4,81.8,-,Online
FRANCE,FR -64  ,PENLY-2,PWR  ,P4 REP 1300,3817,1382,1330,EDF,FRAM,1984-8 ,1992-2 ,1992-11,,82.4,83.7,-,Online
FRANCE,FR -65  ,CATTENOM-4,PWR  ,P4 REP 1300,3817,1362,1300,EDF,FRAM,1983-9 ,1991-5 ,1992-1 ,,81.8,84.2,-,Online
FRANCE,FR -68  ,GOLFECH-2,PWR  ,P4 REP 1300,3817,1363,1310,EDF,FRAM,1984-10,1993-6 ,1994-3 ,,82.2,83.8,-,Online
FRANCE,FR -70  ,CHOOZ B-2,PWR  ,N4 REP 1450,4270,1560,1500,EDF,FRAM,1985-12,1997-4 ,2000-9 ,,75.9,83.2,-,Online
FRANCE,FR -72  ,CIVAUX-1,PWR  ,N4 REP 1450,4270,1561,1495,EDF,FRAM,1988-10,1997-12,2002-1 ,,75.2,78,-,Online
FRANCE,FR -73  ,CIVAUX-2,PWR  ,N4 REP 1450,4270,1561,1495,EDF,FRAM,1991-4 ,1999-12,2002-4 ,,76.1,80.9,-,Online
GERMANY,DE -31  ,ISAR-2,PWR  ,Konvoi,3950,1485,1410,PElektra,KWU,1982-9 ,1988-1 ,1988-4 ,,92.4,92.7,-,Online
GERMANY,DE -33  ,EMSLAND,PWR  ,Konvoi,3850,1406,1335,KLE,KWU,1982-8 ,1988-4 ,1988-6 ,,93.3,93.5,-,Online
GERMANY,DE -44  ,NECKARWESTHEIM-2,PWR  ,Konvoi,3850,1400,1310,EnKK,KWU,1982-11,1989-1 ,1989-4 ,,92.3,92.6,-,Online
HUNGARY,HU -1   ,PAKS-1,PWR  ,VVER V-213,1485,509,479,PAKS Zrt,AEE,1974-8 ,1982-12,1983-8 ,,86.8,87,-,Online
HUNGARY,HU -2   ,PAKS-2,PWR  ,VVER V-213,1485,506,479,PAKS Zrt,AEE,1974-8 ,1984-9 ,1984-11,,82.7,82.9,DH,Online
HUNGARY,HU -3   ,PAKS-3,PWR  ,VVER V-213,1485,506,479,PAKS Zrt,AEE,1979-10,1986-9 ,1986-12,,87.5,87.9,DH,Online
HUNGARY,HU -4   ,PAKS-4,PWR  ,VVER V-213,1485,506,479,PAKS Zrt,AEE,1979-10,1987-8 ,1987-11,,88.3,88.7,DH,Online
INDIA,IN -1   ,TARAPUR-1,BWR  ,BWR-1 (Mark 2),530,160,150,NPCIL,GE,1964-10,1969-4 ,1969-10,,65,65.8,-,Online
INDIA,IN -10  ,KAKRAPAR-2,PHWR ,Horizontal Pre,801,220,202,NPCIL,NPCIL,1985-4 ,1995-3 ,1995-9 ,,70.3,79,-,Online
INDIA,IN -11  ,RAJASTHAN-3,PHWR ,Horizontal Pre,801,220,202,NPCIL,NPCIL,1990-2 ,2000-3 ,2000-6 ,,80.5,90.4,PH,Online
INDIA,IN -12  ,RAJASTHAN-4,PHWR ,Horizontal Pre,801,220,202,NPCIL,NPCIL,1990-10,2000-11,2000-12,,82.6,92.1,PH,Online
INDIA,IN -13  ,KAIGA-1,PHWR ,Horizontal Pre,801,220,202,NPCIL,NPCIL,1989-9 ,2000-10,2000-11,,77.5,91.8,-,Online
INDIA,IN -14  ,KAIGA-2,PHWR ,Horizontal Pre,801,220,202,NPCIL,NPCIL,1989-12,1999-12,2000-3 ,,76.7,90.7,-,Online
INDIA,IN -15  ,KAIGA-3,PHWR ,Horizontal Pre,800,220,202,NPCIL,NPCIL,2002-3 ,2007-4 ,2007-5 ,,72.3,83.9,-,Online
INDIA,IN -16  ,KAIGA-4,PHWR ,Horizontal Pre,800,220,202,NPCIL,NPCIL,2002-5 ,2011-1 ,2011-1 ,,86.1,91.7,-,Online
INDIA,IN -19  ,RAJASTHAN-5,PHWR ,Horizontal Pre,801,220,202,NPCIL,NPCIL,2002-9 ,2009-12,2010-2 ,,90.3,90.5,-,Online
INDIA,IN -2   ,TARAPUR-2,BWR  ,BWR-1 (Mark 2),530,160,150,NPCIL,GE,1964-10,1969-5 ,1969-10,,65.8,66.5,-,Online
INDIA,IN -20  ,RAJASTHAN-6,PHWR ,Horizontal Pre,801,220,202,NPCIL,NPCIL,2003-1 ,2010-3 ,2010-3 ,,80.3,80.6,-,Online
INDIA,IN -23  ,TARAPUR-3,PHWR ,Horizontal Pre,1730,540,490,NPCIL,NPCIL,2000-5 ,2006-6 ,2006-8 ,,79.4,88.8,-,Online
INDIA,IN -24  ,TARAPUR-4,PHWR ,Horizontal Pre,1730,540,490,NPCIL,NPCIL,2000-3 ,2005-6 ,2005-9 ,,71.9,84.4,-,Online
INDIA,IN -25  ,KUDANKULAM-1,PWR  ,VVER V-412,3000,1000,932,NPCIL,MAEP,2002-3 ,2013-10,2014-12,,57.1,58.5,-,Online
INDIA,IN -26  ,KUDANKULAM-2,PWR  ,VVER V-412,3000,1000,932,NPCIL,MAEP,2002-7 ,2016-8 ,2017-3 ,,55.7,55.7,-,Online
INDIA,IN -30  ,KAKRAPAR-3,PHWR ,PHWR-700,2166,700,630,NPCIL,NPCIL,2010-11,2021-1 ,,,0,0,-,Online
INDIA,IN -4   ,RAJASTHAN-2,PHWR ,Horizontal Pre,693,200,187,NPCIL,AECL/DAE,1968-4 ,1980-11,1981-4 ,,59.3,62.8,PH,Online
INDIA,IN -5   ,MADRAS-1,PHWR ,Horizontal Pre,801,220,205,NPCIL,NPCIL,1971-1 ,1983-7 ,1984-1 ,,51.4,60.3,DS,Online
INDIA,IN -6   ,MADRAS-2,PHWR ,Horizontal Pre,801,220,205,NPCIL,NPCIL,1972-10,1985-9 ,1986-3 ,,62.5,73.6,DS,Online
INDIA,IN -7   ,NARORA-1,PHWR ,Horizontal Pre,801,220,202,NPCIL,NPCIL,1976-12,1989-7 ,1991-1 ,,63.3,74.1,-,Online
INDIA,IN -8   ,NARORA-2,PHWR ,Horizontal Pre,801,220,202,NPCIL,NPCIL,1977-11,1992-1 ,1992-7 ,,65.1,75.2,-,Online
INDIA,IN -9   ,KAKRAPAR-1,PHWR ,Horizontal Pre,801,220,202,NPCIL,NPCIL,1984-12,1992-11,1993-5 ,,62.2,67.1,-,Online
"IRAN,ISL.REP",IR -1   ,BUSHEHR-1,PWR  ,VVER V-446,3000,1000,915,NPPDCO,JSC ASE,1975-5 ,2011-9 ,2013-9 ,,71.4,71.9,-,Online
JAPAN,JP -13  ,TAKAHAMA-2,PWR  ,M (3-loop),2440,826,780,KEPCO,MHI,1971-3 ,1975-1 ,1975-11,,53.7,53.8,-,Online
JAPAN,JP -14  ,MIHAMA-3,PWR  ,M (3-loop),2440,826,780,KEPCO,MHI,1972-8 ,1976-2 ,1976-12,,54.9,54.9,-,Online
JAPAN,JP -21  ,TOKAI-2,BWR  ,BWR-5,3293,1100,1060,JAPCO,GE,1973-10,1978-3 ,1978-11,,54.4,54.9,-,Online
JAPAN,JP -28  ,SENDAI-1,PWR  ,M (3-loop),2660,890,846,KYUSHU,MHI,1979-12,1983-9 ,1984-7 ,,71.4,71.4,-,Online
JAPAN,JP -29  ,TAKAHAMA-3,PWR  ,M (3-loop),2660,870,830,KEPCO,MHI,1980-12,1984-5 ,1985-1 ,,71,71.1,DS,Online
JAPAN,JP -30  ,TAKAHAMA-4,PWR  ,M (3-loop),2660,870,830,KEPCO,MHI,1981-3 ,1984-11,1985-6 ,,72.1,72.1,DS,Online
JAPAN,JP -33  ,KASHIWAZAKI KARIWA-1,BWR  ,BWR-5,3293,1100,1067,TEPCO,TOSHIBA,1980-6 ,1985-2 ,1985-9 ,,47,47.8,-,Online
JAPAN,JP -34  ,TSURUGA-2,PWR  ,M (4-loop),3411,1160,1108,JAPCO,MHI,1982-11,1986-6 ,1987-2 ,,54,54.1,-,Online
JAPAN,JP -36  ,HAMAOKA-3,BWR  ,BWR-5,3293,1100,1056,CHUBU,TOSHIBA,1983-4 ,1987-1 ,1987-8 ,,53.1,53.2,-,Online
JAPAN,JP -37  ,SENDAI-2,PWR  ,M (3-loop),2660,890,846,KYUSHU,MHI,1981-10,1985-4 ,1985-11,,73.1,73.1,-,Online
JAPAN,JP -39  ,KASHIWAZAKI KARIWA-2,BWR  ,BWR-5,3293,1100,1067,TEPCO,TOSHIBA,1985-11,1990-2 ,1990-9 ,,40.3,40.3,-,Online
JAPAN,JP -40  ,KASHIWAZAKI KARIWA-5,BWR  ,BWR-5,3293,1100,1067,TEPCO,HITACHI,1985-6 ,1989-9 ,1990-4 ,,45.8,47.4,-,Online
JAPAN,JP -41  ,SHIMANE-2,BWR  ,BWR-5,2436,820,789,CHUGOKU,HITACHI,1985-2 ,1988-7 ,1989-2 ,,56.1,56.1,-,Online
JAPAN,JP -43  ,TOMARI-1,PWR  ,M (2-loop),1650,579,550,HEPCO,MHI,1985-4 ,1988-12,1989-6 ,,57,57,-,Online
JAPAN,JP -44  ,TOMARI-2,PWR  ,M (2-loop),1650,579,550,HEPCO,MHI,1985-6 ,1990-8 ,1991-4 ,,55.1,55.1,-,Online
JAPAN,JP -45  ,GENKAI-3,PWR  ,M (4-loop),3423,1180,1127,KYUSHU,MHI,1988-6 ,1993-6 ,1994-3 ,,63.3,63.3,DS,Online
JAPAN,JP -46  ,GENKAI-4,PWR  ,M (4-loop),3423,1180,1127,KYUSHU,MHI,1992-7 ,1996-11,1997-7 ,,63.2,63.2,DS,Online
JAPAN,JP -47  ,IKATA-3,PWR  ,M (3-loop),2660,890,846,SHIKOKU,MHI,1990-10,1994-3 ,1994-12,,64.1,64.1,DS,Online
JAPAN,JP -48  ,SHIKA-1,BWR  ,BWR-5,1593,540,505,HOKURIKU,HITACHI,1989-7 ,1993-1 ,1993-7 ,,44.1,44.1,-,Online
JAPAN,JP -49  ,HAMAOKA-4,BWR  ,BWR-5,3293,1137,1092,CHUBU,TOSHIBA,1989-10,1993-1 ,1993-9 ,,49.8,50.3,-,Online
JAPAN,JP -50  ,OHI-3,PWR  ,M (4-loop),3423,1180,1127,KEPCO,MHI,1987-10,1991-6 ,1991-12,,64.5,64.6,DS,Online
JAPAN,JP -51  ,OHI-4,PWR  ,M (4-loop),3423,1180,1127,KEPCO,MHI,1988-6 ,1992-6 ,1993-2 ,,69.5,69.5,DS,Online
JAPAN,JP -52  ,KASHIWAZAKI KARIWA-3,BWR  ,BWR-5,3293,1100,1067,TEPCO,TOSHIBA,1989-3 ,1992-12,1993-8 ,,37,37.7,-,Online
JAPAN,JP -53  ,KASHIWAZAKI KARIWA-4,BWR  ,BWR-5,3293,1100,1067,TEPCO,HITACHI,1990-3 ,1993-12,1994-8 ,,35.3,37,-,Online
JAPAN,JP -54  ,ONAGAWA-2,BWR  ,BWR-5,2436,825,796,TOHOKU,TOSHIBA,1991-4 ,1994-12,1995-7 ,,43.5,46.8,-,Online
JAPAN,JP -55  ,KASHIWAZAKI KARIWA-6,BWR  ,ABWR,3926,1356,1315,TEPCO,TOSHIBA,1992-11,1996-1 ,1996-11,,44.3,45.9,-,Online
JAPAN,JP -56  ,KASHIWAZAKI KARIWA-7,BWR  ,ABWR,3926,1356,1315,TEPCO,HITACHI,1993-7 ,1996-12,1997-7 ,,40,41.5,-,Online
JAPAN,JP -57  ,ONAGAWA-3,BWR  ,BWR-5,2436,825,796,TOHOKU,TOSHIBA,1998-1 ,2001-5 ,2002-1 ,,30.7,33.9,-,Online
JAPAN,JP -58  ,HIGASHI DORI-1 (TOHOKU),BWR  ,BWR-5,3293,1100,1067,TOHOKU,TOSHIBA,2000-11,2005-3 ,2005-12,,26.6,26.6,-,Online
JAPAN,JP -59  ,SHIKA-2,BWR  ,ABWR,3926,1206,1108,HOKURIKU,HITACHI,2001-8 ,2005-7 ,2006-3 ,,16.3,16.3,-,Online
JAPAN,JP -60  ,HAMAOKA-5,BWR  ,ABWR,3926,1380,1325,CHUBU,TOSHIBA,2000-7 ,2004-4 ,2005-1 ,,17.3,20.6,-,Online
JAPAN,JP -64  ,TOMARI-3,PWR  ,M (3-loop),2660,912,866,HEPCO,MHI,2004-11,2009-3 ,2009-12,,18.1,18.1,-,Online
JAPAN,JP -8   ,TAKAHAMA-1,PWR  ,M (3-loop),2440,826,780,KEPCO,WH/MHI,1970-4 ,1974-3 ,1974-11,,53.3,53.3,-,Online
"KOREA,REP.OF",KR -10  ,HANUL-2,PWR  ,France CPI,2775,1010,967,KHNP,FRAM,1983-7 ,1989-4 ,1989-9 ,,86.4,86.7,-,Online
"KOREA,REP.OF",KR -11  ,HANBIT-3,PWR  ,OPR-1000,2825,1041,986,KHNP,DHICKAEC,1989-12,1994-10,1995-3 ,,78.4,78.5,-,Online
"KOREA,REP.OF",KR -12  ,HANBIT-4,PWR  ,OPR-1000,2825,1022,970,KHNP,DHICKAEC,1990-5 ,1995-7 ,1996-1 ,,72.8,73,-,Online
"KOREA,REP.OF",KR -13  ,HANUL-3,PWR  ,OPR-1000,2825,1051,997,KHNP,DHICKOPC,1993-7 ,1998-1 ,1998-8 ,,85,85.2,-,Online
"KOREA,REP.OF",KR -14  ,HANUL-4,PWR  ,OPR-1000,2825,1053,999,KHNP,DHICKOPC,1993-11,1998-12,1999-12,,80.3,80.4,-,Online
"KOREA,REP.OF",KR -15  ,WOLSONG-3,PHWR ,CANDU 6,2061,628,607,KHNP,AECL/DHI,1994-3 ,1998-3 ,1998-7 ,,85.3,86.7,-,Online
"KOREA,REP.OF",KR -16  ,WOLSONG-4,PHWR ,CANDU 6,2061,595,575,KHNP,AECL/DHI,1994-7 ,1999-5 ,1999-10,,90.3,91.1,-,Online
"KOREA,REP.OF",KR -17  ,HANBIT-5,PWR  ,OPR-1000,2825,1050,992,KHNP,DHICKOPC,1997-6 ,2001-12,2002-5 ,,80.6,80.8,-,Online
"KOREA,REP.OF",KR -18  ,HANBIT-6,PWR  ,OPR-1000,2825,1053,993,KHNP,DHICKOPC,1997-11,2002-9 ,2002-12,,85.4,85.7,-,Online
"KOREA,REP.OF",KR -19  ,HANUL-5,PWR  ,OPR-1000,2825,1049,998,KHNP,DHICKOPC,1999-10,2003-12,2004-7 ,,89,89.2,-,Online
"KOREA,REP.OF",KR -2   ,KORI-2,PWR  ,WH F,1882,681,640,KHNP,WH,1977-12,1983-4 ,1983-7 ,,84.5,84.8,-,Online
"KOREA,REP.OF",KR -20  ,HANUL-6,PWR  ,OPR-1000,2825,1050,997,KHNP,DHICKOPC,2000-9 ,2005-1 ,2005-4 ,,89,89.1,-,Online
"KOREA,REP.OF",KR -21  ,SHIN-KORI-1,PWR  ,OPR-1000,2825,1046,996,KHNP,DHICKOPC,2006-6 ,2010-8 ,2011-2 ,,74.2,75.3,-,Online
"KOREA,REP.OF",KR -22  ,SHIN-KORI-2,PWR  ,OPR-1000,2825,1047,996,KHNP,DHICKOPC,2007-6 ,2012-1 ,2012-7 ,,81.9,83.1,-,Online
"KOREA,REP.OF",KR -23  ,SHIN-WOLSONG-1,PWR  ,OPR-1000,2825,1048,997,KHNP,DHICKOPC,2007-11,2012-1 ,2012-7 ,,81.8,82.1,-,Online
"KOREA,REP.OF",KR -24  ,SHIN-WOLSONG-2,PWR  ,OPR-1000,2825,1050,993,KHNP,DHICKOPC,2008-9 ,2015-2 ,2015-7 ,,83.3,83.5,-,Online
"KOREA,REP.OF",KR -25  ,SHIN-KORI-3,PWR  ,APR-1400,3983,1488,1416,KHNP,DHICKOPC,2008-10,2016-1 ,2016-12,,76.2,76.3,-,Online
"KOREA,REP.OF",KR -26  ,SHIN-KORI-4,PWR  ,APR-1400,3983,1493,1418,KHNP,DHICKOPC,2009-8 ,2019-4 ,2019-8 ,,79.2,79.3,-,Online
"KOREA,REP.OF",KR -4   ,WOLSONG-2,PHWR ,CANDU 6,2061,592,582,KHNP,AECL/DHI,1992-9 ,1997-4 ,1997-7 ,,89.5,90.7,-,Online
"KOREA,REP.OF",KR -5   ,KORI-3,PWR  ,WH F,2912,1046,1011,KHNP,WH,1979-10,1985-1 ,1985-9 ,,82.2,82.5,-,Online
"KOREA,REP.OF",KR -6   ,KORI-4,PWR  ,WH F,2912,1046,1012,KHNP,WH,1980-4 ,1985-12,1986-4 ,,83.6,84,-,Online
"KOREA,REP.OF",KR -7   ,HANBIT-1,PWR  ,WH F,2787,1025,995,KHNP,WH,1981-6 ,1986-3 ,1986-8 ,,84.2,84.4,-,Online
"KOREA,REP.OF",KR -8   ,HANBIT-2,PWR  ,WH F,2787,1025,988,KHNP,WH,1981-12,1986-11,1987-6 ,,83.4,83.6,-,Online
"KOREA,REP.OF",KR -9   ,HANUL-1,PWR  ,France CPI,2775,1013,966,KHNP,FRAM,1983-1 ,1988-4 ,1988-9 ,,85.6,86,-,Online
MEXICO,MX -1   ,LAGUNA VERDE-1,BWR  ,BWR-5,2317,805,777,CFE,GE,1976-9 ,1989-4 ,1990-7 ,,80.4,81.7,-,Online
MEXICO,MX -2   ,LAGUNA VERDE-2,BWR  ,BWR-5,2317,803,775,CFE,GE,1977-6 ,1994-11,1995-4 ,,82.9,83.9,-,Online
NETHERLANDS,NL -2   ,BORSSELE,PWR  ,KWU 2LP,1366,515,482,EPZ,S/KWU,1969-7 ,1973-7 ,1973-10,,84.9,85.3,-,Online
PAKISTAN,PK -2   ,CHASNUPP-1,PWR  ,CNP-300,999,325,300,PAEC,CNNC,1993-8 ,2000-6 ,2000-9 ,,78,78.4,-,Online
PAKISTAN,PK -3   ,CHASNUPP-2,PWR  ,CNP-300,999,325,300,PAEC,CNNC,2005-12,2011-3 ,2011-5 ,,86.3,86.5,-,Online
PAKISTAN,PK -4   ,CHASNUPP-3,PWR  ,CNP-300,999,340,315,PAEC,CNNC,2011-5 ,2016-10,2016-12,,89.6,90.3,-,Online
PAKISTAN,PK -5   ,CHASNUPP-4,PWR  ,CNP-300,999,340,313,PAEC,CNNC,2011-12,2017-6 ,2017-9 ,,88.5,89.1,-,Online
PAKISTAN,PK -6   ,KANUPP-2,PWR  ,ACP-1000,3060,1100,1014,PAEC,CZEC,2015-8 ,2021-3 ,2021-5 ,,98.6,98.6,-,Online
ROMANIA,RO -1   ,CERNAVODA-1,PHWR ,CANDU 6,2180,706,650,SNN,AECL,1983-3 ,1996-7 ,1996-12,,89.9,90.9,DH,Online
ROMANIA,RO -2   ,CERNAVODA-2,PHWR ,CANDU 6,2180,705,650,SNN,AECL,1983-7 ,2007-8 ,2007-11,,93.6,94.5,DH,Online
RUSSIA,RU -11  ,NOVOVORONEZH-4,PWR  ,VVER V-179,1375,417,385,REA,AEM,1967-7 ,1972-12,1973-3 ,,78.2,79.5,"DH, PH",Online
RUSSIA,RU -116 ,BELOYARSK-4,FBR  ,BN-800,2100,885,820,REA,AEM,2006-7 ,2015-12,2016-10,,65.9,67,-,Online
RUSSIA,RU -12  ,KOLA-1,PWR  ,VVER V-230,1375,440,411,REA,AEM,1970-5 ,1973-6 ,1973-12,,72.2,77.4,"DH, PH",Online
RUSSIA,RU -13  ,KOLA-2,PWR  ,VVER V-230,1375,440,411,REA,AEM,1970-5 ,1974-12,1975-2 ,,72.9,77.4,"DH, PH",Online
RUSSIA,RU -142 ,BILIBINO-2,LWGR ,EGP-6,62,12,11,REA,AEM,1970-1 ,1974-12,1975-2 ,,72.9,81.6,DH,Online
RUSSIA,RU -143 ,BILIBINO-3,LWGR ,EGP-6,62,12,11,REA,AEM,1970-1 ,1975-12,1976-2 ,,73.2,81.9,DH,Online
RUSSIA,RU -144 ,BILIBINO-4,LWGR ,EGP-6,62,12,11,REA,AEM,1970-1 ,1976-12,1977-1 ,,71.8,80.1,DH,Online
RUSSIA,RU -151 ,AKADEMIK LOMONOSOV-1,PWR  ,KLT-40S 'Float,150,35,32,REA,AEM,2007-4 ,2019-12,2020-5 ,,87,87,-,Online
RUSSIA,RU -152 ,AKADEMIK LOMONOSOV-2,PWR  ,KLT-40S 'Float,150,35,32,REA,AEM,2007-4 ,2019-12,2020-5 ,,83.5,83.5,-,Online
RUSSIA,RU -161 ,NOVOVORONEZH 2-1,PWR  ,VVER V-392M,3200,1180,1100,REA,AEM,2008-6 ,2016-8 ,2017-2 ,,76.3,78.2,-,Online
RUSSIA,RU -162 ,NOVOVORONEZH 2-2,PWR  ,VVER V-392M,3200,1181,1101,REA,AEM,2009-7 ,2019-5 ,2019-10,,79.6,81.8,-,Online
RUSSIA,RU -163 ,LENINGRAD 2-1,PWR  ,VVER V-491,3200,1188,1101,REA,AEM,2008-10,2018-3 ,2018-10,,79.4,80.6,-,Online
RUSSIA,RU -164 ,LENINGRAD 2-2,PWR  ,VVER V-491,3200,1188,1101,REA,AEM,2010-4 ,2020-10,2021-3 ,,88.4,91,-,Online
RUSSIA,RU -20  ,NOVOVORONEZH-5,PWR  ,VVER V-187,3000,1000,950,REA,AEM,1974-3 ,1980-5 ,1981-2 ,,67,67.8,"DH, PH",Online
RUSSIA,RU -21  ,BELOYARSK-3,FBR  ,BN-600,1470,600,560,REA,AEM,1969-1 ,1980-4 ,1981-11,,75.9,76.4,"DH, PH",Online
RUSSIA,RU -22  ,KURSK-2,LWGR ,RBMK-1000,3200,1000,925,REA,AEM,1973-1 ,1979-1 ,1979-8 ,,64.1,66,"DH, PH",Online
RUSSIA,RU -23  ,SMOLENSK-1,LWGR ,RBMK-1000,3200,1000,925,REA,AEM,1975-10,1982-12,1983-9 ,,74.2,75.9,"DH, PH",Online
RUSSIA,RU -24  ,SMOLENSK-2,LWGR ,RBMK-1000,3200,1000,925,REA,AEM,1976-6 ,1985-5 ,1985-7 ,,75.9,77.8,"DH, PH",Online
RUSSIA,RU -30  ,KALININ-1,PWR  ,VVER V-338,3000,1000,950,REA,AEM,1977-2 ,1984-5 ,1985-6 ,,74.5,75.2,"DH, PH",Online
RUSSIA,RU -31  ,KALININ-2,PWR  ,VVER V-338,3000,1000,950,REA,AEM,1982-2 ,1986-12,1987-3 ,,77.7,79.6,"DH, PH",Online
RUSSIA,RU -32  ,KOLA-3,PWR  ,VVER V-213,1375,440,411,REA,AEM,1977-4 ,1981-3 ,1982-12,,76.6,82.4,"DH, PH",Online
RUSSIA,RU -33  ,KOLA-4,PWR  ,VVER V-213,1375,440,411,REA,AEM,1976-8 ,1984-10,1984-12,,76.7,82.3,"DH, PH",Online
RUSSIA,RU -34  ,LENINGRAD-3,LWGR ,RBMK-1000,3200,1000,925,REA,AEM,1973-12,1979-12,1980-6 ,,73.4,74.2,"DH, PH",Online
RUSSIA,RU -35  ,LENINGRAD-4,LWGR ,RBMK-1000,3200,1000,925,REA,AEM,1975-2 ,1981-2 ,1981-8 ,,74.8,75.7,"DH, PH",Online
RUSSIA,RU -36  ,KALININ-3,PWR  ,VVER V-320,3200,1000,950,REA,AEM,1985-10,2004-12,2005-11,,84.3,84.4,"DH, PH",Online
RUSSIA,RU -37  ,KALININ-4,PWR  ,VVER V-320,3200,1000,950,REA,AEM,1986-8 ,2011-11,2012-12,,88.6,88.6,"DH, PH",Online
RUSSIA,RU -38  ,KURSK-3,LWGR ,RBMK-1000,3200,1000,925,REA,AEM,1978-4 ,1983-10,1984-3 ,,73.9,75,"DH, PH",Online
RUSSIA,RU -39  ,KURSK-4,LWGR ,RBMK-1000,3200,1000,925,REA,AEM,1981-5 ,1985-12,1986-2 ,,77.5,78.5,"DH, PH",Online
RUSSIA,RU -59  ,ROSTOV-1,PWR  ,VVER V-320,3200,1041,989,REA,AEM,1981-9 ,2001-3 ,2001-12,,87.9,88.3,-,Online
RUSSIA,RU -62  ,ROSTOV-2,PWR  ,VVER V-320,3200,1000,950,REA,AEM,1983-5 ,2010-3 ,2010-12,,88.9,89.2,-,Online
RUSSIA,RU -63  ,ROSTOV-3,PWR  ,VVER V-320,3000,1000,950,REA,AEM,2009-9 ,2014-12,2015-9 ,,85,86.1,-,Online
RUSSIA,RU -64  ,ROSTOV-4,PWR  ,VVER V-320,3000,1030,979,REA,AEM,2010-6 ,2018-2 ,2018-9 ,,90.7,92.4,-,Online
RUSSIA,RU -67  ,SMOLENSK-3,LWGR ,RBMK-1000,3200,1000,925,REA,AEM,1984-5 ,1990-1 ,1990-10,,79.1,80.7,"DH, PH",Online
RUSSIA,RU -96  ,BALAKOVO-1,PWR  ,VVER V-320,3000,1000,950,REA,AEM,1980-12,1985-12,1986-5 ,,74.5,76.3,"DH, PH",Online
RUSSIA,RU -97  ,BALAKOVO-2,PWR  ,VVER V-320,3000,1000,950,REA,AEM,1981-8 ,1987-10,1988-1 ,,74.1,76.4,"DH, PH",Online
RUSSIA,RU -98  ,BALAKOVO-3,PWR  ,VVER V-320,3000,1000,950,REA,AEM,1982-11,1988-12,1989-4 ,,76.5,79.4,"DH, PH",Online
RUSSIA,RU -99  ,BALAKOVO-4,PWR  ,VVER V-320,3200,1000,950,REA,AEM,1984-4 ,1993-4 ,1993-12,,81,84.1,"DH, PH",Online
SLOVAKIA,SK -13  ,BOHUNICE-3,PWR  ,VVER V-213,1471,500,466,SE,ŠKODA ,1976-12,1984-8 ,1985-2 ,,81.7,84.9,"DH, PH",Online
SLOVAKIA,SK -14  ,BOHUNICE-4,PWR  ,VVER V-213,1471,500,466,SE,ŠKODA ,1976-12,1985-8 ,1985-12,,82.7,85.8,"DH, PH",Online
SLOVAKIA,SK -6   ,MOCHOVCE-1,PWR  ,VVER V-213,1471,500,467,SE,ŠKODA ,1983-10,1998-7 ,1998-10,,86.9,88.4,-,Online
SLOVAKIA,SK -7   ,MOCHOVCE-2,PWR  ,VVER V-213,1471,500,469,SE,ŠKODA ,1983-10,1999-12,2000-4 ,,87.3,88.6,-,Online
SLOVENIA,SI -1   ,KRSKO,PWR  ,WH 2LP,1994,727,688,NEK,WH,1975-3 ,1981-10,1983-1 ,,86.5,87.5,-,Online
SOUTH AFRICA,ZA -1   ,KOEBERG-1,PWR  ,CP1,2775,970,924,ESKOM,FRAM,1976-7 ,1984-4 ,1984-7 ,,73.4,76.6,-,Online
SOUTH AFRICA,ZA -2   ,KOEBERG-2,PWR  ,CP1,2775,970,930,ESKOM,FRAM,1976-7 ,1985-7 ,1985-11,,74.2,80.1,-,Online
SPAIN,ES -10  ,COFRENTES,BWR  ,BWR-6 (Mark 3),3237,1102,1064,ID,GE,1975-9 ,1984-10,1985-3 ,,87.4,88.4,-,Online
SPAIN,ES -11  ,TRILLO-1,PWR  ,PWR 3 loops,3010,1066,1003,CNAT,KWU,1979-8 ,1988-5 ,1988-8 ,,87.3,87.8,-,Online
SPAIN,ES -16  ,VANDELLOS-2,PWR  ,WH 3LP,2941,1087,1045,ANAV,WH,1980-12,1987-12,1988-3 ,,82.4,83.4,-,Online
SPAIN,ES -6   ,ALMARAZ-1,PWR  ,WH 3LP,2947,1049,1011,CNAT,WH,1973-7 ,1981-5 ,1983-9 ,,86,87.1,-,Online
SPAIN,ES -7   ,ALMARAZ-2,PWR  ,WH 3LP,2947,1044,1006,CNAT,WH,1973-7 ,1983-10,1984-7 ,,87.6,88.7,-,Online
SPAIN,ES -8   ,ASCO-1,PWR  ,WH 3LP,2941,1033,995,ANAV,WH,1974-5 ,1983-8 ,1984-12,,85.5,86.1,-,Online
SPAIN,ES -9   ,ASCO-2,PWR  ,WH 3LP,2941,1027,997,ANAV,WH,1975-3 ,1985-10,1986-3 ,,87.6,88.5,-,Online
SWEDEN,SE -10  ,RINGHALS-4,PWR  ,WH 3LP,3300,1171,1130,RAB,WH,1973-11,1982-6 ,1983-11,,83.1,85.3,-,Online
SWEDEN,SE -11  ,FORSMARK-2,BWR  ,"AA-III, BWR-25",3253,1157,1118,FKA,ABB ATOM,1975-1 ,1981-1 ,1981-7 ,,82.8,84.6,-,Online
SWEDEN,SE -12  ,OSKARSHAMN-3,BWR  ,"AA-IV, BWR-300",3900,1450,1400,OKG,ABB ATOM,1980-5 ,1985-3 ,1985-8 ,,81.1,82.3,-,Online
SWEDEN,SE -14  ,FORSMARK-3,BWR  ,"AA-IV, BWR-300",3300,1195,1172,FKA,ABB ATOM,1979-1 ,1985-3 ,1985-8 ,,85.4,87.5,-,Online
SWEDEN,SE -7   ,RINGHALS-3,PWR  ,WH 3LP,3135,1117,1072,RAB,WH,1972-9 ,1980-9 ,1981-9 ,,78.3,80.2,-,Online
SWEDEN,SE -9   ,FORSMARK-1,BWR  ,"AA-III, BWR-25",2927,1027,990,FKA,ABB ATOM,1973-6 ,1980-6 ,1980-12,,84.6,86.6,-,Online
SWITZERLAND,CH -1   ,BEZNAU-1,PWR  ,WH 2LP,1130,380,365,Axpo AG,WH,1965-9 ,1969-7 ,1969-12,,80.6,80.9,DH,Online
SWITZERLAND,CH -3   ,BEZNAU-2,PWR  ,WH 2LP,1130,380,365,Axpo AG,WH,1968-1 ,1971-10,1972-3 ,,87.5,87.7,DH,Online
SWITZERLAND,CH -4   ,GOESGEN,PWR  ,PWR 3 Loop,3002,1060,1010,KKG,KWU,1973-12,1979-2 ,1979-11,,89,89.8,PH,Online
SWITZERLAND,CH -5   ,LEIBSTADT,BWR  ,BWR-6,3600,1275,1220,KKL,GETSCO,1974-1 ,1984-5 ,1984-12,,82,83.6,-,Online
UAE,AE -01  ,BARAKAH-1,PWR  ,APR-1400,3983,1417,1417,NAWAH,KEPCO,2012-7 ,2020-8 ,2021-4 ,,85.4,86,-,Online
UAE,AE -02  ,BARAKAH-2,PWR  ,APR-1400,3983,1417,1345,NAWAH,KEPCO,2013-4 ,2021-9 ,,,0,0,-,Online
UK,GB -16A ,HINKLEY POINT B-1,GCR  ,AGR,1494,655,485,EDF UK,TNPG,1967-9 ,1976-10,1978-10,,75.4,75.9,-,Online
UK,GB -16B ,HINKLEY POINT B-2,GCR  ,AGR,1494,655,480,EDF UK,TNPG,1967-9 ,1976-2 ,1976-9 ,,74,74.9,-,Online
UK,GB -17B ,HUNTERSTON B-2,GCR  ,AGR,1496,644,495,EDF UK,TNPG,1967-11,1977-3 ,1977-4 ,,71.4,71.5,-,Online
UK,GB -19A ,HARTLEPOOL A-1,GCR  ,AGR,1500,655,590,EDF UK,NPC,1968-10,1983-8 ,1989-4 ,,69.8,70,-,Online
UK,GB -19B ,HARTLEPOOL A-2,GCR  ,AGR,1500,655,595,EDF UK,NPC,1968-10,1984-10,1989-4 ,,71.1,71.3,-,Online
UK,GB -20A ,HEYSHAM A-1,GCR  ,AGR,1500,625,485,EDF UK,NPC,1970-12,1983-7 ,1989-4 ,,68,68.2,-,Online
UK,GB -20B ,HEYSHAM A-2,GCR  ,AGR,1500,625,575,EDF UK,NPC,1970-12,1984-10,1989-4 ,,67.1,67.6,-,Online
UK,GB -22A ,HEYSHAM B-1,GCR  ,AGR,1550,680,620,EDF UK,NPC,1980-8 ,1988-7 ,1989-4 ,,78.8,79.4,-,Online
UK,GB -22B ,HEYSHAM B-2,GCR  ,AGR,1550,680,620,EDF UK,NPC,1980-8 ,1988-11,1989-4 ,,78,78.9,-,Online
UK,GB -23A ,TORNESS-1,GCR  ,AGR,1623,682,595,EDF UK,NNC,1980-8 ,1988-5 ,1988-5 ,,77.4,79,-,Online
UK,GB -23B ,TORNESS-2,GCR  ,AGR,1623,682,605,EDF UK,NNC,1980-8 ,1989-2 ,1989-2 ,,77.1,78.1,-,Online
UK,GB -24  ,SIZEWELL B,PWR  ,SNUPPS,3425,1250,1198,EDF UK,PPC,1988-7 ,1995-2 ,1995-9 ,,83.6,84.4,-,Online
UKRAINE,UA -126 ,ZAPOROZHYE-5,PWR  ,VVER V-320,3000,1000,950,NNEGC,PAIP,1985-11,1989-8 ,1989-10,,73.4,75.3,DH,Online
UKRAINE,UA -127 ,ZAPOROZHYE-6,PWR  ,VVER V-320,3000,1000,950,NNEGC,PAIP,1986-6 ,1995-10,1996-9 ,,78.6,80.7,DH,Online
UKRAINE,UA -27  ,ROVNO-1,PWR  ,VVER V-213,1375,420,381,NNEGC,PAIP,1973-8 ,1980-12,1981-9 ,,79.2,80,DH,Online
UKRAINE,UA -28  ,ROVNO-2,PWR  ,VVER V-213,1375,415,376,NNEGC,PAIP,1973-10,1981-12,1982-7 ,,80.4,81.5,DH,Online
UKRAINE,UA -29  ,ROVNO-3,PWR  ,VVER V-320,3000,1000,950,NNEGC,PAIP,1980-2 ,1986-12,1987-5 ,,69,71,DH,Online
UKRAINE,UA -40  ,KHMELNITSKI-1,PWR  ,VVER V-320,3000,1000,950,NNEGC,PAIP,1981-11,1987-12,1988-8 ,,71.5,72.7,DH,Online
UKRAINE,UA -41  ,KHMELNITSKI-2,PWR  ,VVER V-320,3000,1000,950,NNEGC,PAIP,1985-2 ,2004-8 ,2005-12,,78.3,79.8,DH,Online
UKRAINE,UA -44  ,SOUTH UKRAINE-1,PWR  ,VVER V-302,3000,1000,950,NNEGC,PAA,1976-8 ,1982-12,1983-12,,68,70.4,DH,Online
UKRAINE,UA -45  ,SOUTH UKRAINE-2,PWR  ,VVER V-338,3000,1000,950,NNEGC,PAA,1981-7 ,1985-1 ,1985-4 ,,65.2,67.6,DH,Online
UKRAINE,UA -48  ,SOUTH UKRAINE-3,PWR  ,VVER V-320,3000,1000,950,NNEGC,PAA,1984-11,1989-9 ,1989-12,,68.3,71.8,DH,Online
UKRAINE,UA -54  ,ZAPOROZHYE-1,PWR  ,VVER V-320,3000,1000,950,NNEGC,PAIP,1980-4 ,1984-12,1985-12,,66.7,68.9,DH,Online
UKRAINE,UA -56  ,ZAPOROZHYE-2,PWR  ,VVER V-320,3000,1000,950,NNEGC,PAIP,1981-1 ,1985-7 ,1986-2 ,,68.5,71,DH,Online
UKRAINE,UA -69  ,ROVNO-4,PWR  ,VVER V-320,3000,1000,950,NNEGC,PAA,1986-8 ,2004-10,2006-4 ,,76,78.1,DH,Online
UKRAINE,UA -78  ,ZAPOROZHYE-3,PWR  ,VVER V-320,3000,1000,950,NNEGC,PAIP,1982-4 ,1986-12,1987-3 ,,71.4,74.1,DH,Online
UKRAINE,UA -79  ,ZAPOROZHYE-4,PWR  ,VVER V-320,3000,1000,950,NNEGC,PAIP,1983-4 ,1987-12,1988-4 ,,73,75.2,DH,Online
USA,US -220 ,NINE MILE POINT-1,BWR  ,BWR-2 (Mark 1),1850,642,613,EXELON,GE,1965-4 ,1969-11,1969-12,,79.2,79.2,-,Online
USA,US -237 ,DRESDEN-2,BWR  ,BWR-3 (Mark 1),2957,950,894,EXELON,GE,1966-1 ,1970-4 ,1970-6 ,,82.4,82.4,-,Online
USA,US -244 ,GINNA,PWR  ,WH 2LP (DRYAMB,1775,608,560,EXELON,WH,1966-4 ,1969-12,1970-7 ,,87.4,87.4,-,Online
USA,US -249 ,DRESDEN-3,BWR  ,BWR-3 (Mark 1),2957,935,879,EXELON,GE,1966-10,1971-7 ,1971-11,,80,80,-,Online
USA,US -250 ,TURKEY POINT-3,PWR  ,WH 3LP (DRYAMB,2644,829,837,FPL,WH,1967-4 ,1972-11,1972-12,,80.2,80.3,-,Online
USA,US -251 ,TURKEY POINT-4,PWR  ,WH 3LP (DRYAMB,2644,829,821,FPL,WH,1967-4 ,1973-6 ,1973-9 ,,80.8,80.8,-,Online
USA,US -254 ,QUAD CITIES-1,BWR  ,BWR-3 (Mark 1),2957,940,908,EXELON,GE,1967-2 ,1972-4 ,1973-2 ,,82.6,82.6,-,Online
USA,US -255 ,PALISADES,PWR  ,CE 2LP (DRYAMB,2565,850,805,ENTERGY,CE,1967-3 ,1971-12,1971-12,,74.6,75.4,-,Online
USA,US -259 ,BROWNS FERRY-1,BWR  ,BWR-4 (Mark 1),3458,1256,1200,TVA,GE,1967-5 ,1973-10,1974-12,,78.2,78.5,-,Online
USA,US -260 ,BROWNS FERRY-2,BWR  ,BWR-4 (Mark 1),3458,1259,1200,TVA,GE,1967-5 ,1974-8 ,1975-3 ,,83.1,83.3,-,Online
USA,US -261 ,ROBINSON-2,PWR  ,WH 3LP (DRYAMB,2339,780,741,PROGRESS,WH,1967-4 ,1970-9 ,1971-3 ,,81,81.2,-,Online
USA,US -263 ,MONTICELLO,BWR  ,BWR-3 (Mark 1),2004,691,628,NSP,GE,1967-6 ,1971-3 ,1971-6 ,,86,86.1,-,Online
USA,US -265 ,QUAD CITIES-2,BWR  ,BWR-3 (Mark 1),2957,940,911,EXELON,GE,1967-2 ,1972-5 ,1973-3 ,,81.5,82,-,Online
USA,US -266 ,POINT BEACH-1,PWR  ,WH 2LP (DRYAMB,1800,640,591,NEXTERA,WH,1967-7 ,1970-11,1970-12,,85.9,86.2,-,Online
USA,US -269 ,OCONEE-1,PWR  ,B&W LLP (DRYAM,2568,891,847,DUKEENER,B&W,1967-11,1973-5 ,1973-7 ,,83,83.2,-,Online
USA,US -270 ,OCONEE-2,PWR  ,B&W LLP (DRYAM,2568,891,848,DUKEENER,B&W,1967-11,1973-12,1974-9 ,,84.7,84.9,-,Online
USA,US -272 ,SALEM-1,PWR  ,WH 4LP (DRYAMB,3459,1254,1169,PSEG,WH,1968-9 ,1976-12,1977-6 ,,73.7,73.8,-,Online
USA,US -275 ,DIABLO CANYON-1,PWR  ,WH 4LP (DRYAMB,3411,1197,1138,PG&E,WH,1968-4 ,1984-11,1985-5 ,,88.4,88.5,-,Online
USA,US -277 ,PEACH BOTTOM-2,BWR  ,BWR-4 (Mark 1),3951,1412,1300,EXELON,GE,1968-1 ,1974-2 ,1974-7 ,,80.3,80.4,-,Online
USA,US -278 ,PEACH BOTTOM-3,BWR  ,BWR-4 (Mark 1),3951,1412,1331,EXELON,GE,1968-1 ,1974-9 ,1974-12,,80.6,80.7,-,Online
USA,US -280 ,SURRY-1,PWR  ,WH 3LP (DRYSUB,2587,890,838,DOMINION,WH,1968-6 ,1972-7 ,1972-12,,79.5,79.5,-,Online
USA,US -281 ,SURRY-2,PWR  ,WH 3LP (DRYSUB,2587,890,838,DOMINION,WH,1968-6 ,1973-3 ,1973-5 ,,80,80,-,Online
USA,US -282 ,PRAIRIE ISLAND-1,PWR  ,WH 2LP (DRYAMB,1677,566,522,NSP,WH,1968-6 ,1973-12,1973-12,,87.5,87.5,-,Online
USA,US -287 ,OCONEE-3,PWR  ,B&W LLP (DRYAM,2568,900,859,DUKEENER,B&W,1967-11,1974-9 ,1974-12,,83.9,84.1,-,Online
USA,US -296 ,BROWNS FERRY-3,BWR  ,BWR-4 (Mark 1),3458,1260,1210,TVA,GE,1968-7 ,1976-9 ,1977-3 ,,85.4,85.7,-,Online
USA,US -298 ,COOPER,BWR  ,BWR-4 (Mark 1),2419,801,769,ENTERGY,GE,1968-6 ,1974-5 ,1974-7 ,,80.1,80.2,-,Online
USA,US -301 ,POINT BEACH-2,PWR  ,WH 2LP (DRYAMB,1800,640,591,NEXTERA,WH,1968-7 ,1972-8 ,1972-10,,86.9,86.9,-,Online
USA,US -306 ,PRAIRIE ISLAND-2,PWR  ,WH 2LP (DRYAMB,1677,560,519,NSP,WH,1969-6 ,1974-12,1974-12,,88.3,88.3,-,Online
USA,US -311 ,SALEM-2,PWR  ,WH 4LP (DRYAMB,3459,1200,1158,PSEG,WH,1968-9 ,1981-6 ,1981-10,,76.3,76.3,-,Online
USA,US -313 ,ANO-1,PWR  ,B&W LLP (DRYAM,2568,903,836,ENTERGY,B&W,1968-10,1974-8 ,1974-12,,81.6,82,-,Online
USA,US -315 ,COOK-1,PWR  ,WH 4LP (ICECDN,3304,1131,1030,AEP,WH,1969-3 ,1975-2 ,1975-8 ,,73.4,73.6,-,Online
USA,US -316 ,COOK-2,PWR  ,WH 4LP (ICECDN,3468,1231,1168,AEP,WH,1969-3 ,1978-3 ,1978-7 ,,74.6,74.7,-,Online
USA,US -317 ,CALVERT CLIFFS-1,PWR  ,CE 2LP (DRYAMB,2737,918,877,EXELON,CE,1968-6 ,1975-1 ,1975-5 ,,82.3,82.5,-,Online
USA,US -318 ,CALVERT CLIFFS-2,PWR  ,CE 2LP (DRYAMB,2737,911,855,EXELON,CE,1968-6 ,1976-12,1977-4 ,,85.2,85.3,-,Online
USA,US -321 ,HATCH-1,BWR  ,BWR-4 (Mark 1),2804,911,876,SOUTHERN,GE,1968-9 ,1974-11,1975-12,,84,84,-,Online
USA,US -323 ,DIABLO CANYON-2,PWR  ,WH 4LP (DRYAMB,3411,1197,1118,PG&E,WH,1970-12,1985-10,1986-3 ,,88.3,88.4,-,Online
USA,US -324 ,BRUNSWICK-2,BWR  ,BWR-4 (Mark 1),2923,960,932,PROGRESS,GE,1970-2 ,1975-4 ,1975-11,,78.4,78.7,-,Online
USA,US -325 ,BRUNSWICK-1,BWR  ,BWR-4 (Mark 1),2923,990,938,PROGRESS,GE,1970-2 ,1976-12,1977-3 ,,79.4,79.7,-,Online
USA,US -327 ,SEQUOYAH-1,PWR  ,WH 4LP (ICECND,3455,1221,1152,TVA,WH,1970-5 ,1980-7 ,1981-7 ,,77.4,77.4,-,Online
USA,US -328 ,SEQUOYAH-2,PWR  ,WH 4LP (ICECND,3455,1200,1139,TVA,WH,1970-5 ,1981-12,1982-6 ,,80.6,80.6,-,Online
USA,US -333 ,FITZPATRICK,BWR  ,BWR-4 (Mark 1),2536,849,813,EXELON,GE,1968-9 ,1975-2 ,1975-7 ,,81.7,81.8,-,Online
USA,US -334 ,BEAVER VALLEY-1,PWR  ,WH 3LP (DRYSUB,2900,959,908,FENOC,WH,1970-6 ,1976-6 ,1976-10,,78.8,78.8,-,Online
USA,US -335 ,ST. LUCIE-1,PWR  ,CE 2LP (DRYAMB,3020,1045,981,FPL,CE,1970-7 ,1976-5 ,1976-12,,83.6,83.8,-,Online
USA,US -336 ,MILLSTONE-2,PWR  ,CE 2LP (DRYAMB,2700,918,869,DOMINION,CE,1969-11,1975-11,1975-12,,73,73.5,-,Online
USA,US -338 ,NORTH ANNA-1,PWR  ,WH 3LP (DRYSUB,2940,990,948,DOMINION,WH,1971-2 ,1978-4 ,1978-6 ,,84.6,85.1,-,Online
USA,US -339 ,NORTH ANNA-2,PWR  ,WH 3LP (DRYSUB,2940,1011,944,DOMINION,WH,1971-2 ,1980-8 ,1980-12,,87.2,87.9,-,Online
USA,US -341 ,FERMI-2,BWR  ,BWR-4 (Mark 1),3486,1198,1115,DTEDISON,GE,1972-9 ,1986-9 ,1988-1 ,,80.5,80.5,-,Online
USA,US -346 ,DAVIS BESSE-1,PWR  ,B&W RLP (DRYAM,2817,925,894,FENOC,B&W,1970-9 ,1977-8 ,1978-7 ,,74.7,74.8,-,Online
USA,US -348 ,FARLEY-1,PWR  ,WH 3LP (DRYAMB,2775,918,874,SOUTHERN,WH,1970-10,1977-8 ,1977-12,,86,86.1,-,Online
USA,US -352 ,LIMERICK-1,BWR  ,BWR-4 (Mark 2),3515,1194,1134,EXELON,GE,1974-6 ,1985-4 ,1986-2 ,,91.9,91.9,-,Online
USA,US -353 ,LIMERICK-2,BWR  ,BWR-4 (Mark 2),3515,1194,1134,EXELON,GE,1974-6 ,1989-9 ,1990-1 ,,93.8,93.8,-,Online
USA,US -354 ,HOPE CREEK-1,BWR  ,BWR-4 (Mark 1),3840,1240,1172,PSEG,GE,1976-3 ,1986-8 ,1986-12,,88.6,88.6,-,Online
USA,US -364 ,FARLEY-2,PWR  ,WH 3LP (DRYAMB,2775,928,883,SOUTHERN,WH,1970-10,1981-5 ,1981-7 ,,89.4,89.4,-,Online
USA,US -366 ,HATCH-2,BWR  ,BWR-4 (Mark 1),2804,921,883,SOUTHERN,GE,1972-2 ,1978-9 ,1979-9 ,,85.6,85.6,-,Online
USA,US -368 ,ANO-2,PWR  ,CE 2LP (DRYAMB,3026,1065,988,ENTERGY,CE,1968-12,1978-12,1980-3 ,,84.1,84.2,-,Online
USA,US -369 ,MCGUIRE-1,PWR  ,WH 4LP (ICECND,3411,1215,1158,DUKEENER,WH,1971-4 ,1981-9 ,1981-12,,84.2,84.5,-,Online
USA,US -370 ,MCGUIRE-2,PWR  ,WH 4LP (ICECND,3411,1215,1158,DUKEENER,WH,1971-4 ,1983-5 ,1984-3 ,,87.1,87.1,-,Online
USA,US -373 ,LASALLE-1,BWR  ,BWR-5 (Mark 2),3546,1207,1137,EXELON,GE,1973-9 ,1982-9 ,1984-1 ,,82.6,82.6,-,Online
USA,US -374 ,LASALLE-2,BWR  ,BWR-5 (Mark 2),3546,1207,1140,EXELON,GE,1973-9 ,1984-4 ,1984-10,,81.8,81.8,-,Online
USA,US -382 ,WATERFORD-3,PWR  ,CE 2LP (DRYAMB,3716,1250,1168,ENTERGY,CE,1974-11,1985-3 ,1985-9 ,,87.7,88,-,Online
USA,US -387 ,SUSQUEHANNA-1,BWR  ,BWR-4 (Mark 2),3952,1330,1257,PPL_SUSQ,GE,1973-11,1982-11,1983-6 ,,85.8,85.8,-,Online
USA,US -388 ,SUSQUEHANNA-2,BWR  ,BWR-4 (Mark 2),3952,1330,1257,PPL_SUSQ,GE,1973-11,1984-7 ,1985-2 ,,88.7,88.7,-,Online
USA,US -389 ,ST. LUCIE-2,PWR  ,CE 2LP (DRYAMB,3020,1050,987,FPL,CE,1977-6 ,1983-6 ,1983-8 ,,86.6,86.9,-,Online
USA,US -390 ,WATTS BAR-1,PWR  ,WH 4LP (ICECND,3459,1210,1157,TVA,WH,1973-7 ,1996-2 ,1996-5 ,,90,90.1,-,Online
USA,US -391 ,WATTS BAR-2,PWR  ,WH 4LP (ICECND,3411,1218,1164,TVA,WH,1973-9 ,2016-6 ,2016-10,,84.7,84.7,-,Online
USA,US -395 ,SUMMER-1,PWR  ,WH 3LP (DRYAMB,2900,1006,973,SCE&G,WH,1973-3 ,1982-11,1984-1 ,,86,86,-,Online
USA,US -397 ,COLUMBIA,BWR  ,BWR-5 (Mark 2),3486,1190,1131,ENERGYNW,GE,1972-8 ,1984-5 ,1984-12,,81.6,82.2,-,Online
USA,US -400 ,HARRIS-1,PWR  ,WH 3LP (DRYAMB,2900,980,964,PROGRESS,WH,1978-1 ,1987-1 ,1987-5 ,,89.5,89.6,-,Online
USA,US -410 ,NINE MILE POINT-2,BWR  ,BWR-5 (Mark 2),3988,1320,1277,EXELON,GE,1975-8 ,1987-8 ,1988-3 ,,87.6,87.6,-,Online
USA,US -412 ,BEAVER VALLEY-2,PWR  ,WH 3LP (DRYSUB,2900,958,905,FENOC,WH,1974-5 ,1987-8 ,1987-11,,88.8,88.8,-,Online
USA,US -413 ,CATAWBA-1,PWR  ,WH 4LP (ICECND,3411,1188,1160,DUKEENER,WH,1974-5 ,1985-1 ,1985-6 ,,87.2,87.2,-,Online
USA,US -414 ,CATAWBA-2,PWR  ,WH 4LP (ICECND,3411,1188,1150,DUKEENER,WH,1974-5 ,1986-5 ,1986-8 ,,88.2,88.2,-,Online
USA,US -416 ,GRAND GULF-1,BWR  ,BWR-6 (Mark 3),4408,1500,1401,ENTERGY,GE,1974-5 ,1984-10,1985-7 ,,84.4,84.6,-,Online
USA,US -423 ,MILLSTONE-3,PWR  ,WH 4LP (DRYSUB,3650,1280,1210,DOMINION,WH,1974-8 ,1986-2 ,1986-4 ,,81.5,81.5,-,Online
USA,US -424 ,VOGTLE-1,PWR  ,WH 4LP (DRYAMB,3626,1229,1150,SOUTHERN,WH,1976-8 ,1987-3 ,1987-6 ,,91.5,91.5,-,Online
USA,US -425 ,VOGTLE-2,PWR  ,WH 4LP (DRYAMB,3626,1229,1152,SOUTHERN,WH,1976-8 ,1989-4 ,1989-5 ,,91.9,91.9,-,Online
USA,US -440 ,PERRY-1,BWR  ,BWR-6 (Mark 3),3758,1303,1240,FENOC,GE,1974-10,1986-12,1987-11,,84.4,84.4,-,Online
USA,US -443 ,SEABROOK-1,PWR  ,WH 4LP (DRYAMB,3648,1296,1246,NEXTERA,WH,1976-7 ,1990-5 ,1990-8 ,,88.9,89,-,Online
USA,US -445 ,COMANCHE PEAK-1,PWR  ,WH 4LP (DRYAMB,3612,1259,1205,LUMINANT,WH,1974-12,1990-4 ,1990-8 ,,90.9,90.9,-,Online
USA,US -446 ,COMANCHE PEAK-2,PWR  ,WH 4LP (DRYAMB,3612,1250,1195,LUMINANT,WH,1974-12,1993-4 ,1993-8 ,,91.1,91.2,-,Online
USA,US -454 ,BYRON-1,PWR  ,WH 4LP (DRYAMB,3645,1242,1164,EXELON,WH,1975-4 ,1985-3 ,1985-9 ,,90.2,90.3,-,Online
USA,US -455 ,BYRON-2,PWR  ,WH 4LP (DRYAMB,3645,1210,1136,EXELON,WH,1975-4 ,1987-2 ,1987-8 ,,93.3,93.3,-,Online
USA,US -456 ,BRAIDWOOD-1,PWR  ,WH 4LP (DRYAMB,3645,1270,1194,EXELON,WH,1975-8 ,1987-7 ,1988-7 ,,90.6,90.6,-,Online
USA,US -457 ,BRAIDWOOD-2,PWR  ,WH 4LP (DRYAMB,3645,1230,1160,EXELON,WH,1975-8 ,1988-5 ,1988-10,,92.5,92.5,-,Online
USA,US -458 ,RIVER BEND-1,BWR  ,BWR-6 (Mark 3),3091,1016,967,ENTERGY,GE,1977-3 ,1985-12,1986-6 ,,84.9,85.1,-,Online
USA,US -461 ,CLINTON-1,BWR  ,BWR-6 (Mark 3),3473,1098,1062,EXELON,GE,1975-10,1987-4 ,1987-11,,82.5,82.5,-,Online
USA,US -482 ,WOLF CREEK,PWR  ,WH 4LP (DRYAMB,3565,1285,1200,WCNOC,WH,1977-5 ,1985-6 ,1985-9 ,,85.8,85.8,-,Online
USA,US -483 ,CALLAWAY-1,PWR  ,WH 4LP (DRYAMB,3565,1275,1215,AmerenUE,WH,1975-9 ,1984-10,1984-12,,87,87.1,-,Online
USA,US -498 ,SOUTH TEXAS-1,PWR  ,WH 4LP (DRYAMB,3853,1354,1280,STP,WH,1975-12,1988-3 ,1988-8 ,,84.5,84.5,-,Online
USA,US -499 ,SOUTH TEXAS-2,PWR  ,WH 4LP (DRYAMB,3853,1354,1280,STP,WH,1975-12,1989-4 ,1989-6 ,,84.5,84.5,-,Online
USA,US -528 ,PALO VERDE-1,PWR  ,CE80 2LP (DRYA,3990,1414,1311,APS,CE,1976-5 ,1985-6 ,1986-1 ,,82.7,82.8,-,Online
USA,US -529 ,PALO VERDE-2,PWR  ,CE80 2LP (DRYA,3990,1414,1314,APS,CE,1976-6 ,1986-5 ,1986-9 ,,84.6,84.7,-,Online
USA,US -530 ,PALO VERDE-3,PWR  ,CE80 2LP (DRYA,3990,1414,1312,APS,CE,1976-6 ,1987-11,1988-1 ,,86.3,86.5,-,Online
"TAIWAN,CHINA",TW -4   ,KUOSHENG-2,BWR  ,BWR-6,2894,985,985,TPC,GE,1976-3 ,1982-6 ,1983-3 ,,83.7,84.7,-,Online
"TAIWAN,CHINA",TW -5   ,MAANSHAN-1,PWR  ,WH 3LP (WE 312,2822,951,936,TPC,WH,1978-8 ,1984-5 ,1984-7 ,,86.8,87.7,-,Online
"TAIWAN,CHINA",TW -6   ,MAANSHAN-2,PWR  ,WH 3LP (WE 312,2822,951,938,TPC,WH,1979-2 ,1985-2 ,1985-5 ,,86.3,87.4,-,Online
INDIA,IN-3,RAJASTHAN-1,PHWR ,Horizontal Pre,346,100,134,NPCIL,AECL,1965-8,1972-11,1973-12,2004-10,,,-,Decommissioning
ARMENIA,AM -18  ,ARMENIAN-1,PWR  ,,1375,408,376,ANPPCJSC,FAEA,1969-7 ,1976-12,1977-10,1989-2 ,,,-,Shutdown
BELGIUM,BE -1   ,BR-3,PWR  ,,41,12,10,CEN/SCK,WH,1957-11,1962-10,1962-10,1987-6 ,,,-,Shutdown
BULGARIA,BG -1   ,KOZLODUY-1,PWR  ,,1375,440,408,K N N P,AEE,1970-4 ,1974-7 ,1974-10,2002-12,,,-,Shutdown
BULGARIA,BG -2   ,KOZLODUY-2,PWR  ,,1375,440,408,KOZNPP,AEE,1970-4 ,1975-8 ,1975-11,2002-12,,,-,Shutdown
BULGARIA,BG -3   ,KOZLODUY-3,PWR  ,,1375,440,408,K N N P,AEE,1973-10,1980-12,1981-1 ,2006-12,,,-,Shutdown
BULGARIA,BG -4   ,KOZLODUY-4,PWR  ,,1375,440,408,K N N P,AEE,1973-10,1982-5 ,1982-6 ,2006-12,,,-,Shutdown
CANADA,CA -2   ,DOUGLAS POINT,PHWR ,,704,218,206,OH,AECL,1960-2 ,1967-1 ,1968-9 ,1984-5 ,,,-,Shutdown
CANADA,CA -3   ,GENTILLY-1,HWLWR,,792,266,250,HQ,AECL,1966-9 ,1971-4 ,1972-5 ,1977-6 ,,,-,Shutdown
CANADA,CA -12  ,GENTILLY-2,PHWR ,,2156,675,635,HQ,AECL,1974-4 ,1982-12,1983-10,2012-12,,,-,Shutdown
CANADA,CA -5   ,PICKERING-2,PHWR ,,1744,542,515,OPG,OH/AECL,1966-9 ,1971-10,1971-12,2007-5 ,,,-,Shutdown
CANADA,CA -6   ,PICKERING-3,PHWR ,,1744,542,515,OPG,OH/AECL,1967-12,1972-5 ,1972-6 ,2008-10,,,-,Shutdown
CANADA,CA -1   ,ROLPHTON NPD,PHWR ,,92,25,22,OH,CGE,1958-1 ,1962-6 ,1962-10,1987-8 ,,,-,Shutdown
FRANCE,FR -9   ,BUGEY-1,GCR  ,,1954,555,540,EDF,FRAM,1965-12,1972-4 ,1972-7 ,1994-5 ,,,-,Shutdown
FRANCE,FR -2   ,CHINON A-1,GCR  ,,300,80,70,EDF,LEVIVIER,1957-2 ,1963-6 ,1964-2 ,1973-4 ,,,-,Shutdown
FRANCE,FR -3   ,CHINON A-2,GCR  ,,800,230,180,EDF,LEVIVIER,1959-8 ,1965-2 ,1965-2 ,1985-6 ,,,-,Shutdown
FRANCE,FR -4   ,CHINON A-3,GCR  ,,1170,480,360,EDF,GTM,1961-3 ,1966-8 ,1966-8 ,1990-6 ,,,-,Shutdown
FRANCE,FR -5   ,CHOOZ-A (ARDENNES),PWR  ,,1040,320,305,SENA,A/F/W,1962-1 ,1967-4 ,1967-4 ,1991-10,,,-,Shutdown
FRANCE,FR -6   ,EL-4 (MONTS D'ARREE),HWGCR,,250,75,70,EDF,GAAA,1962-7 ,1967-7 ,1968-6 ,1985-7 ,,,-,Shutdown
FRANCE,FR -11  ,FESSENHEIM-1,PWR  ,,2785,920,880,EDF,FRAM,1971-9 ,1977-4 ,1978-1 ,2020-2 ,,,-,Shutdown
FRANCE,FR -12  ,FESSENHEIM-2,PWR  ,,2785,920,880,EDF,FRAM,1972-2 ,1977-10,1978-4 ,2020-6 ,,,-,Shutdown
FRANCE,FR -1B  ,G-2 (MARCOULE),GCR  ,,260,43,39,COGEMA,SACM,1955-3 ,1959-4 ,1959-4 ,1980-2 ,,,-,Shutdown
FRANCE,FR -1   ,G-3 (MARCOULE),GCR  ,,260,43,40,COGEMA,SACM,1956-3 ,1960-4 ,1960-4 ,1984-6 ,,,-,Shutdown
FRANCE,FR -10  ,PHENIX,FBR  ,,345,142,130,CEA/EDF,CNCLNEY,1968-11,1973-12,1974-7 ,2010-2 ,,,-,Shutdown
FRANCE,FR -7   ,ST. LAURENT A-1,GCR  ,,1650,500,390,EDF,FRAM,1963-10,1969-3 ,1969-6 ,1990-4 ,,,-,Shutdown
FRANCE,FR -8   ,ST. LAURENT A-2,GCR  ,,1475,530,465,EDF,FRAM,1966-1 ,1971-8 ,1971-11,1992-5 ,,,-,Shutdown
FRANCE,FR -24  ,SUPER-PHENIX,FBR  ,,3000,1242,1200,EDF,ASPALDO,1976-12,1986-1 ,1986-12,1998-12,,,-,Shutdown
GERMANY,DE -4   ,AVR JUELICH,HTGR ,,46,15,13,AVR,BBK,1961-8 ,1967-12,1969-5 ,1988-12,,,-,Shutdown
GERMANY,DE -12  ,BIBLIS-A,PWR  ,,3517,1225,1167,RWE,KWU,1970-1 ,1974-8 ,1975-2 ,2011-8 ,,,-,Shutdown
GERMANY,DE -18  ,BIBLIS-B,PWR  ,,3733,1300,1240,RWE,KWU,1972-2 ,1976-4 ,1977-1 ,2011-8 ,,,-,Shutdown
GERMANY,DE -32  ,BROKDORF,PWR  ,,3900,1480,1410,PElektra,KWU,1976-1 ,1986-10,1986-12,2021-12,,,-,Shutdown
GERMANY,DE -13  ,BRUNSBUETTEL,BWR  ,,2292,806,771,KKB,KWU,1970-4 ,1976-7 ,1977-2 ,2011-8 ,,,-,Shutdown
GERMANY,DE -23  ,GRAFENRHEINFELD,PWR  ,,3765,1345,1275,E.ON,KWU,1975-1 ,1981-12,1982-6 ,2015-6 ,,,-,Shutdown
GERMANY,DE -502 ,GREIFSWALD-1,PWR  ,,1375,440,408,EWN,AEE,1970-3 ,1973-12,1974-7 ,1990-2 ,,,-,Shutdown
GERMANY,DE -503 ,GREIFSWALD-2,PWR  ,,1375,440,408,EWN,AEE,1970-3 ,1974-12,1975-4 ,1990-2 ,,,-,Shutdown
GERMANY,DE -504 ,GREIFSWALD-3,PWR  ,,1375,440,408,EWN,AEE,1972-4 ,1977-10,1978-5 ,1990-2 ,,,-,Shutdown
GERMANY,DE -505 ,GREIFSWALD-4,PWR  ,,1375,440,408,EWN,AEE,1972-4 ,1979-9 ,1979-11,1990-7 ,,,-,Shutdown
GERMANY,DE -506 ,GREIFSWALD-5,PWR  ,,1375,440,408,EWN,AEE,1976-12,1989-4 ,1989-11,1989-11,,,-,Shutdown
GERMANY,DE -27  ,GROHNDE,PWR  ,,3900,1430,1360,PElektra,KWU,1976-6 ,1984-9 ,1985-2 ,2021-12,,,-,Shutdown
GERMANY,DE -3   ,GUNDREMMINGEN-A,BWR  ,,801,250,237,KGB,"AEG,GE",1962-12,1966-12,1967-4 ,1977-1 ,,,-,Shutdown
GERMANY,DE -26  ,GUNDREMMINGEN-B,BWR  ,,3840,1344,1284,KGG,KWU,1976-7 ,1984-3 ,1984-7 ,2017-12,,,-,Shutdown
GERMANY,DE -28  ,GUNDREMMINGEN-C,BWR  ,,3840,1344,1288,KGG,KWU,1976-7 ,1984-11,1985-1 ,2021-12,,,-,Shutdown
GERMANY,DE -16  ,ISAR-1,BWR  ,,2575,912,878,E.ON,KWU,1972-5 ,1977-12,1979-3 ,2011-8 ,,,-,Shutdown
GERMANY,DE -8   ,KNK II,FBR  ,,58,21,17,KBG,IA,1974-9 ,1978-4 ,1979-3 ,1991-8 ,,,-,Shutdown
GERMANY,DE -20  ,KRUEMMEL,BWR  ,,3690,1402,1346,KKK,KWU,1974-4 ,1983-9 ,1984-3 ,2011-8 ,,,-,Shutdown
GERMANY,DE -6   ,LINGEN,BWR  ,,520,268,183,KWL,AEG,1964-10,1968-7 ,1968-10,1977-1 ,,,-,Shutdown
GERMANY,DE -22  ,MUELHEIM-KAERLICH,PWR  ,,3760,1302,1219,KGG,BBR,1975-1 ,1986-3 ,1987-8 ,1988-9 ,,,-,Shutdown
GERMANY,DE -2   ,MZFR,PHWR ,,200,57,52,KBG,SIEMENS,1961-12,1966-3 ,1966-12,1984-5 ,,,-,Shutdown
GERMANY,DE -15  ,NECKARWESTHEIM-1,PWR  ,,2497,840,785,EnKK,KWU,1972-2 ,1976-6 ,1976-12,2011-8 ,,,-,Shutdown
GERMANY,DE -5   ,OBRIGHEIM,PWR  ,,1050,357,340,EnBW,"SIEM,KWU",1965-3 ,1968-10,1969-3 ,2005-5 ,,,-,Shutdown
GERMANY,DE -14  ,PHILIPPSBURG-1,BWR  ,,2575,926,890,EnKK,KWU,1970-10,1979-5 ,1980-3 ,2011-8 ,,,-,Shutdown
GERMANY,DE -24  ,PHILIPPSBURG-2,PWR  ,,3950,1468,1402,EnKK,KWU,1977-7 ,1984-12,1985-4 ,2019-12,,,-,Shutdown
GERMANY,DE -501 ,RHEINSBERG,PWR  ,,265,70,62,EWN,AEE,1960-1 ,1966-5 ,1966-10,1990-6 ,,,-,Shutdown
GERMANY,DE -10  ,STADE,PWR  ,,1900,672,640,E.ON,KWU,1967-12,1972-1 ,1972-5 ,2003-11,,,-,Shutdown
GERMANY,DE -19  ,THTR-300,HTGR ,,760,308,296,HKG,HRB,1971-5 ,1985-11,1987-6 ,1988-9 ,,,-,Shutdown
GERMANY,DE -17  ,UNTERWESER,PWR  ,,3900,1410,1345,E.ON,KWU,1972-7 ,1978-9 ,1979-9 ,2011-8 ,,,-,Shutdown
GERMANY,DE -9   ,WUERGASSEN,BWR  ,,1912,670,640,PE,"AEG,KWU",1968-1 ,1971-12,1975-11,1994-8 ,,,-,Shutdown
GERMANY,IT -4   ,CAORSO,BWR  ,,2651,882,860,SOGIN,AMN/GETS,1970-1 ,1978-5 ,1981-12,1990-7 ,,,-,Shutdown
GERMANY,IT -3   ,ENRICO FERMI,PWR  ,,870,270,260,SOGIN,EL/WEST,1961-7 ,1964-10,1965-1 ,1990-7 ,,,-,Shutdown
GERMANY,IT -2   ,GARIGLIANO,BWR  ,,506,160,150,SOGIN,GE,1959-11,1964-1 ,1964-6 ,1982-3 ,,,-,Shutdown
GERMANY,IT -1   ,LATINA,GCR  ,,660,160,153,SOGIN,TNPG,1958-11,1963-5 ,1964-1 ,1987-12,,,-,Shutdown
GERMANY,JP -20  ,FUGEN ATR,HWLWR,,557,165,148,JAEA,HITACHI,1972-5 ,1978-7 ,1979-3 ,2003-3 ,,,-,Shutdown
GERMANY,JP -5   ,FUKUSHIMA-DAIICHI-1,BWR  ,,1380,460,439,TEPCO,GE/GETSC,1967-7 ,1970-11,1971-3 ,2011-5 ,,,-,Shutdown
GERMANY,JP -9   ,FUKUSHIMA-DAIICHI-2,BWR  ,,2381,784,760,TEPCO,GE/T,1969-6 ,1973-12,1974-7 ,2011-5 ,,,-,Shutdown
GERMANY,JP -10  ,FUKUSHIMA-DAIICHI-3,BWR  ,,2381,784,760,TEPCO,TOSHIBA,1970-12,1974-10,1976-3 ,2011-5 ,,,-,Shutdown
GERMANY,JP -16  ,FUKUSHIMA-DAIICHI-4,BWR  ,,2381,784,760,TEPCO,HITACHI,1973-2 ,1978-2 ,1978-10,2011-5 ,,,-,Shutdown
GERMANY,JP -17  ,FUKUSHIMA-DAIICHI-5,BWR  ,,2381,784,760,TEPCO,TOSHIBA,1972-5 ,1977-9 ,1978-4 ,2013-12,,,-,Shutdown
GERMANY,JP -18  ,FUKUSHIMA-DAIICHI-6,BWR  ,,3293,1100,1067,TEPCO,GE/T,1973-10,1979-5 ,1979-10,2013-12,,,-,Shutdown
GERMANY,JP -25  ,FUKUSHIMA-DAINI-1,BWR  ,,3293,1100,1067,TEPCO,TOSHIBA,1976-3 ,1981-7 ,1982-4 ,2019-9 ,,,-,Shutdown
GERMANY,JP -26  ,FUKUSHIMA-DAINI-2,BWR  ,,3293,1100,1067,TEPCO,HITACHI,1979-5 ,1983-6 ,1984-2 ,2019-9 ,,,-,Shutdown
GERMANY,JP -35  ,FUKUSHIMA-DAINI-3,BWR  ,,3293,1100,1067,TEPCO,TOSHIBA,1981-3 ,1984-12,1985-6 ,2019-9 ,,,-,Shutdown
GERMANY,JP -38  ,FUKUSHIMA-DAINI-4,BWR  ,,3293,1100,1067,TEPCO,HITACHI,1981-5 ,1986-12,1987-8 ,2019-9 ,,,-,Shutdown
GERMANY,JP -12  ,GENKAI-1,PWR  ,,1650,559,529,KYUSHU,MHI,1971-9 ,1975-2 ,1975-10,2015-4 ,,,-,Shutdown
GERMANY,JP -27  ,GENKAI-2,PWR  ,,1650,559,529,KYUSHU,MHI,1977-2 ,1980-6 ,1981-3 ,2019-4 ,,,-,Shutdown
GERMANY,JP -11  ,HAMAOKA-1,BWR  ,,1593,540,515,CHUBU,TOSHIBA,1971-6 ,1974-8 ,1976-3 ,2009-1 ,,,-,Shutdown
GERMANY,JP -24  ,HAMAOKA-2,BWR  ,,2436,840,806,CHUBU,TOSHIBA,1974-6 ,1978-5 ,1978-11,2009-1 ,,,-,Shutdown
GERMANY,JP -23  ,IKATA-1,PWR  ,,1650,566,538,SHIKOKU,MHI,1973-9 ,1977-2 ,1977-9 ,2016-5 ,,,-,Shutdown
GERMANY,JP -32  ,IKATA-2,PWR  ,,1650,566,538,SHIKOKU,MHI,1978-8 ,1981-8 ,1982-3 ,2018-5 ,,,-,Shutdown
GERMANY,JP -1   ,JPDR,BWR  ,,90,13,12,JAEA,GE,1960-12,1963-10,1965-3 ,1976-3 ,,,-,Shutdown
GERMANY,JP -4   ,MIHAMA-1,PWR  ,,1031,340,320,KEPCO,WH,1967-2 ,1970-8 ,1970-11,2015-4 ,,,-,Shutdown
GERMANY,JP -6   ,MIHAMA-2,PWR  ,,1456,500,470,KEPCO,MHI,1968-5 ,1972-4 ,1972-7 ,2015-4 ,,,-,Shutdown
GERMANY,JP -31  ,MONJU,FBR  ,,714,280,246,JAEA,T/H/F/M,1986-5 ,1995-8 ,,2017-12,,,-,Shutdown
GERMANY,JP -15  ,OHI-1,PWR  ,,3423,1175,1120,KEPCO,WH,1972-10,1977-12,1979-3 ,2018-3 ,,,-,Shutdown
GERMANY,JP -19  ,OHI-2,PWR  ,,3423,1175,1120,KEPCO,WH,1972-12,1978-10,1979-12,2018-3 ,,,-,Shutdown
GERMANY,JP -22  ,ONAGAWA-1,BWR  ,,1593,524,498,TOHOKU,TOSHIBA,1980-7 ,1983-11,1984-6 ,2018-12,,,-,Shutdown
GERMANY,JP -7   ,SHIMANE-1,BWR  ,,1380,460,439,CHUGOKU,HITACHI,1970-7 ,1973-12,1974-3 ,2015-4 ,,,-,Shutdown
GERMANY,JP -2   ,TOKAI-1,GCR  ,,587,166,137,JAPCO,GEC,1961-3 ,1965-11,1966-7 ,1998-3 ,,,-,Shutdown
GERMANY,JP -3   ,TSURUGA-1,BWR  ,,1070,357,340,JAPCO,GE,1966-11,1969-11,1970-3 ,2015-4 ,,,-,Shutdown
KAZAKHSTAN,KZ -10  ,AKTAU,FBR  ,,1000,90,52,MAEC-KAZ,MAEC-KAZ,1964-10,1973-7 ,1973-7 ,1999-4 ,,,-,Shutdown
"KOREA,REP.OF",KR -1   ,KORI-1,PWR  ,,1729,607,576,KHNP,WH,1972-8 ,1977-6 ,1978-4 ,2017-6 ,,,-,Shutdown
"KOREA,REP.OF",KR -3   ,WOLSONG-1,PHWR ,,2061,683,661,KHNP,AECL,1977-10,1982-12,1983-4 ,2019-12,,,-,Shutdown
LITHUANIA,LT -46  ,IGNALINA-1,LWGR ,,4800,1300,1185,INPP,MAEP,1977-5 ,1983-12,1985-5 ,2004-12,,,-,Shutdown
LITHUANIA,LT -47  ,IGNALINA-2,LWGR ,,4800,1300,1185,INPP,MAEP,1978-1 ,1987-8 ,1987-12,2009-12,,,-,Shutdown
NETHERLANDS,NL -1   ,DODEWAARD,BWR  ,,183,60,55,BV GKN,RDM,1965-5 ,1968-10,1969-3 ,1997-3 ,,,-,Shutdown
PAKISTAN,PK -1   ,KANUPP-1,PHWR ,,337,100,90,PAEC,CGE,1966-8 ,1971-10,1972-12,2021-8 ,,,-,Shutdown
RUSSIA,RU -1   ,APS-1 OBNINSK,LWGR ,,30,6,5,MSM,MSM,1951-1 ,1954-6 ,1954-12,2002-4 ,,,-,Shutdown
RUSSIA,RU -3   ,BELOYARSK-1,LWGR ,,286,108,102,REA,MSM,1958-6 ,1964-4 ,1964-4 ,1983-1 ,,,-,Shutdown
RUSSIA,RU -6   ,BELOYARSK-2,LWGR ,,530,160,146,REA,MSM,1962-1 ,1967-12,1969-12,1990-1 ,,,-,Shutdown
RUSSIA,RU -141 ,BILIBINO-1,LWGR ,,62,12,11,REA,AEM,1970-1 ,1974-1 ,1974-4 ,2019-1 ,,,-,Shutdown
RUSSIA,RU -17  ,KURSK-1,LWGR ,,3200,1000,925,REA,AEM,1972-6 ,1976-12,1977-10,2021-12,,,-,Shutdown
RUSSIA,RU -15  ,LENINGRAD-1,LWGR ,,3200,1000,925,REA,AEM,1970-3 ,1973-12,1974-11,2018-12,,,-,Shutdown
RUSSIA,RU -16  ,LENINGRAD-2,LWGR ,,3200,1000,925,REA,AEM,1970-6 ,1975-7 ,1976-2 ,2020-11,,,-,Shutdown
RUSSIA,RU -4   ,NOVOVORONEZH-1,PWR  ,,760,210,197,REA,MSM,1957-7 ,1964-9 ,1964-12,1988-2 ,,,-,Shutdown
RUSSIA,RU -8   ,NOVOVORONEZH-2,PWR  ,,1320,365,336,REA,MSM,1964-6 ,1969-12,1970-4 ,1990-8 ,,,-,Shutdown
RUSSIA,RU -9   ,NOVOVORONEZH-3,PWR  ,,1375,417,385,REA,AEM,1967-7 ,1971-12,1972-6 ,2016-12,,,-,Shutdown
SLOVAKIA,SK -1   ,BOHUNICE A1,HWGCR,,560,143,93,JAVYS,ŠKODA ,1958-8 ,1972-12,1972-12,1977-2 ,,,-,Shutdown
SLOVAKIA,SK -2   ,BOHUNICE-1,PWR  ,,1375,440,408,JAVYS,AEE,1972-4 ,1978-12,1980-4 ,2006-12,,,-,Shutdown
SLOVAKIA,SK -3   ,BOHUNICE-2,PWR  ,,1375,440,408,JAVYS,AEE,1972-4 ,1980-3 ,1981-1 ,2008-12,,,-,Shutdown
SPAIN,ES -1   ,JOSE CABRERA-1,PWR  ,,510,150,141,UFG,WH,1964-6 ,1968-7 ,1969-8 ,2006-4 ,,,-,Shutdown
SPAIN,ES -2   ,SANTA MARIA DE GARONA,BWR  ,,1381,466,446,NUCLENOR,GE,1966-9 ,1971-3 ,1971-5 ,2017-8 ,,,-,Shutdown
SPAIN,ES -3   ,VANDELLOS-1,GCR  ,,1670,500,480,HIFRENSA,CEA,1968-6 ,1972-5 ,1972-8 ,1990-7 ,,,-,Shutdown
SWEDEN,SE -1   ,AGESTA,PHWR ,,80,12,10,SVAFO,ABB ATOM,1957-12,1964-5 ,1964-5 ,1974-6 ,,,-,Shutdown
SWEDEN,SE -6   ,BARSEBACK-1,BWR  ,,1800,615,600,BKAB,ASEASTAL,1971-2 ,1975-5 ,1975-7 ,1999-11,,,-,Shutdown
SWEDEN,SE -8   ,BARSEBACK-2,BWR  ,,1800,615,600,BKAB,ABB ATOM,1973-1 ,1977-3 ,1977-7 ,2005-5 ,,,-,Shutdown
SWEDEN,SE -2   ,OSKARSHAMN-1,BWR  ,,1375,492,473,OKG,ABB ATOM,1966-8 ,1971-8 ,1972-2 ,2017-6 ,,,-,Shutdown
SWEDEN,SE -3   ,OSKARSHAMN-2,BWR  ,,1800,661,638,OKG,ABB ATOM,1969-9 ,1974-10,1975-1 ,2016-12,,,-,Shutdown
SWEDEN,SE -4   ,RINGHALS-1,BWR  ,,2540,910,881,RAB,ABB ATOM,1969-2 ,1974-10,1976-1 ,2020-12,,,-,Shutdown
SWEDEN,SE -5   ,RINGHALS-2,PWR  ,,2652,963,852,RAB,WH,1970-10,1974-8 ,1975-5 ,2019-12,,,-,Shutdown
SWITZERLAND,CH -8   ,LUCENS,HWGCR,,28,7,6,EOS,NGA,1962-4 ,1968-1 ,,1969-1 ,,,-,Shutdown
SWITZERLAND,CH -2   ,MUEHLEBERG,BWR  ,,1097,390,373,BKW,GETSCO,1967-3 ,1971-7 ,1972-11,2019-12,,,-,Shutdown
UK,GB -3A  ,BERKELEY-1,GCR  ,,620,166,138,ML,TNPG,1957-1 ,1962-6 ,1962-6 ,1989-3 ,,,-,Shutdown
UK,GB -3B  ,BERKELEY-2,GCR  ,,620,166,138,ML,TNPG,1957-1 ,1962-6 ,1962-10,1988-10,,,-,Shutdown
UK,GB -4A  ,BRADWELL-1,GCR  ,,481,146,123,ML,TNPG,1957-1 ,1962-7 ,1962-7 ,2002-3 ,,,-,Shutdown
UK,GB -4B  ,BRADWELL-2,GCR  ,,481,146,123,ML,TNPG,1957-1 ,1962-7 ,1962-11,2002-3 ,,,-,Shutdown
UK,GB -1A  ,CALDER HALL-1,GCR  ,,268,60,49,SL,UKAEA,1953-8 ,1956-8 ,1956-10,2003-3 ,,,-,Shutdown
UK,GB -1B  ,CALDER HALL-2,GCR  ,,268,60,49,SL,UKAEA,1953-8 ,1957-2 ,1957-2 ,2003-3 ,,,-,Shutdown
UK,GB -1C  ,CALDER HALL-3,GCR  ,,268,60,49,SL,UKAEA,1955-8 ,1958-3 ,1958-5 ,2003-3 ,,,-,Shutdown
UK,GB -1D  ,CALDER HALL-4,GCR  ,,268,60,49,SL,UKAEA,1955-8 ,1959-4 ,1959-4 ,2003-3 ,,,-,Shutdown
UK,GB -2A  ,CHAPELCROSS-1,GCR  ,,260,60,48,ML,UKAEA,1955-10,1959-2 ,1959-3 ,2004-6 ,,,-,Shutdown
UK,GB -2B  ,CHAPELCROSS-2,GCR  ,,260,60,48,ML,UKAEA,1955-10,1959-7 ,1959-8 ,2004-6 ,,,-,Shutdown
UK,GB -2C  ,CHAPELCROSS-3,GCR  ,,260,60,48,ML,UKAEA,1955-10,1959-11,1959-12,2004-6 ,,,-,Shutdown
UK,GB -2D  ,CHAPELCROSS-4,GCR  ,,260,60,48,ML,UKAEA,1955-10,1960-1 ,1960-3 ,2004-6 ,,,-,Shutdown
UK,GB -14  ,DOUNREAY DFR,FBR  ,,60,15,11,UKAEA,UKAEA,1955-3 ,1962-10,1962-10,1977-3 ,,,-,Shutdown
UK,GB -15  ,DOUNREAY PFR,FBR  ,,600,250,234,UKAEA,TNPG,1966-1 ,1975-1 ,1976-7 ,1994-3 ,,,-,Shutdown
UK,GB -9A  ,DUNGENESS A-1,GCR  ,,840,230,225,ML,TNPG,1960-7 ,1965-9 ,1965-10,2006-12,,,-,Shutdown
UK,GB -9B  ,DUNGENESS A-2,GCR  ,,840,230,225,ML,TNPG,1960-7 ,1965-11,1965-12,2006-12,,,-,Shutdown
UK,GB -18A ,DUNGENESS B-1,GCR  ,,1500,615,545,EDF UK,APC,1965-10,1983-4 ,1985-4 ,2021-6 ,,,-,Shutdown
UK,GB -18B ,DUNGENESS B-2,GCR  ,,1500,615,545,EDF UK,APC,1965-10,1985-12,1989-4 ,2021-6 ,,,-,Shutdown
UK,GB -7A  ,HINKLEY POINT A-1,GCR  ,,900,267,235,ML,EE/B&W/T,1957-11,1965-2 ,1965-3 ,2000-5 ,,,-,Shutdown
UK,GB -7B  ,HINKLEY POINT A-2,GCR  ,,900,267,235,ML,EE/B&W/T,1957-11,1965-3 ,1965-5 ,2000-5 ,,,-,Shutdown
UK,GB -6A  ,HUNTERSTON A-1,GCR  ,,595,173,150,ML,GEC,1957-10,1964-2 ,1964-2 ,1990-3 ,,,-,Shutdown
UK,GB -6B  ,HUNTERSTON A-2,GCR  ,,595,173,150,ML,GEC,1957-10,1964-6 ,1964-7 ,1989-12,,,-,Shutdown
UK,GB -17A ,HUNTERSTON B-1,GCR  ,,1496,644,490,EDF UK,TNPG,1967-11,1976-2 ,1976-2 ,2021-11,,,-,Shutdown
UK,GB -11A ,OLDBURY A-1,GCR  ,,730,230,217,ML,TNPG,1962-5 ,1967-11,1967-12,2012-2 ,,,-,Shutdown
UK,GB -11B ,OLDBURY A-2,GCR  ,,660,230,217,ML,TNPG,1962-5 ,1968-4 ,1968-9 ,2011-6 ,,,-,Shutdown
UK,GB -10A ,SIZEWELL A-1,GCR  ,,1010,245,210,ML,EE/B&W/T,1961-4 ,1966-1 ,1966-3 ,2006-12,,,-,Shutdown
UK,GB -10B ,SIZEWELL A-2,GCR  ,,1010,245,210,ML,EE/B&W/T,1961-4 ,1966-4 ,1966-9 ,2006-12,,,-,Shutdown
UK,GB -8A  ,TRAWSFYNYDD-1,GCR  ,,850,235,195,ML,APC,1959-7 ,1965-1 ,1965-3 ,1991-2 ,,,-,Shutdown
UK,GB -8B  ,TRAWSFYNYDD-2,GCR  ,,850,235,195,ML,APC,1959-7 ,1965-2 ,1965-3 ,1991-2 ,,,-,Shutdown
UK,GB -5   ,WINDSCALE AGR,GCR  ,,120,36,24,UKAEA,UKAEA,1958-11,1963-2 ,1963-3 ,1981-4 ,,,-,Shutdown
UK,GB -12  ,WINFRITH SGHWR,SGHWR,,318,100,92,UKAEA,ICL/FE,1963-5 ,1967-12,1968-1 ,1990-9 ,,,-,Shutdown
UK,GB -13A ,WYLFA-1,GCR  ,,1650,530,490,ML,EE/B&W/T,1963-9 ,1971-1 ,1971-11,2015-12,,,-,Shutdown
UK,GB -13B ,WYLFA-2,GCR  ,,1920,540,490,ML,EE/B&W/T,1963-9 ,1971-7 ,1972-1 ,2012-4 ,,,-,Shutdown
UKRAINE,UA -25  ,CHERNOBYL-1,LWGR ,,3200,800,740,MTE,FAEA,1970-3 ,1977-9 ,1978-5 ,1996-11,,,-,Shutdown
UKRAINE,UA -26  ,CHERNOBYL-2,LWGR ,,3200,1000,925,MTE,FAEA,1973-2 ,1978-12,1979-5 ,1991-10,,,-,Shutdown
UKRAINE,UA -42  ,CHERNOBYL-3,LWGR ,,3200,1000,925,MTE,FAEA,1976-3 ,1981-12,1982-6 ,2000-12,,,-,Shutdown
UKRAINE,UA -43  ,CHERNOBYL-4,LWGR ,,3200,1000,925,MTE,FAEA,1979-4 ,1983-12,1984-3 ,1986-4 ,,,-,Shutdown
USA,US -155 ,BIG ROCK POINT,BWR  ,,240,71,67,CPC,GE,1960-5 ,1962-12,1963-3 ,1997-8 ,,,-,Shutdown
USA,US -014 ,BONUS,BWR  ,,50,18,17,DOE/PRWR,GNEPRWRA,1960-1 ,1964-8 ,1965-9 ,1968-6 ,,,-,Shutdown
USA,US -302 ,CRYSTAL RIVER-3,PWR  ,,2568,890,860,PROGRESS,B&W,1968-9 ,1977-1 ,1977-3 ,2013-2 ,,,-,Shutdown
USA,US -144 ,CVTR,PHWR ,,65,19,17,CVPA,WH,1960-1 ,1963-12,1963-12,1967-1 ,,,-,Shutdown
USA,US -10  ,DRESDEN-1,BWR  ,,700,207,197,EXELON,GE,1956-5 ,1960-4 ,1960-7 ,1978-10,,,-,Shutdown
USA,US -331 ,DUANE ARNOLD-1,BWR  ,,1912,624,601,NEXTERA,GE,1970-6 ,1974-5 ,1975-2 ,2020-10,,,-,Shutdown
USA,US -011 ,ELK RIVER,BWR  ,,58,24,22,RCPA,AC,1959-1 ,1963-8 ,1964-7 ,1968-2 ,,,-,Shutdown
USA,US -16  ,FERMI-1,FBR  ,,200,65,61,DTEDISON,UEC,1956-8 ,1966-8 ,1966-8 ,1972-11,,,-,Shutdown
USA,US -285 ,FORT CALHOUN-1,PWR  ,,1500,512,482,EXELON,CE,1968-6 ,1973-8 ,1973-9 ,2016-10,,,-,Shutdown
USA,US -267 ,FORT ST. VRAIN,HTGR ,,842,342,330,PSCC,GA,1968-9 ,1976-12,1979-7 ,1989-8 ,,,-,Shutdown
USA,US -018 ,GE VALLECITOS,BWR  ,,50,24,24,GE,GE,1956-1 ,1957-10,1957-10,1963-12,,,-,Shutdown
USA,US -213 ,HADDAM NECK,PWR  ,,1825,603,560,CYAPC,WH,1964-5 ,1967-8 ,1968-1 ,1996-12,,,-,Shutdown
USA,US -077 ,HALLAM,X    ,,256,84,75,AEC/NPPD,GE,1959-1 ,1963-9 ,1963-11,1964-9 ,,,-,Shutdown
USA,US -133 ,HUMBOLDT BAY,BWR  ,,220,65,63,PG&E,GE,1960-11,1963-4 ,1963-8 ,1976-7 ,,,-,Shutdown
USA,US -013 ,INDIAN POINT-1,PWR  ,,615,277,257,ENTERGY,B&W,1956-5 ,1962-9 ,1962-10,1974-10,,,-,Shutdown
USA,US -247 ,INDIAN POINT-2,PWR  ,,3216,1067,998,ENTERGY,WH,1966-10,1973-6 ,1974-8 ,2020-4 ,,,-,Shutdown
USA,US -286 ,INDIAN POINT-3,PWR  ,,3216,1085,1030,ENTERGY,WH,1968-10,1976-4 ,1976-8 ,2021-4 ,,,-,Shutdown
USA,US -305 ,KEWAUNEE,PWR  ,,1772,595,566,DOMINION,WH,1968-8 ,1974-4 ,1974-6 ,2013-5 ,,,-,Shutdown
USA,US -409 ,LACROSSE,BWR  ,,165,55,48,DPC,AC,1963-3 ,1968-4 ,1969-11,1987-4 ,,,-,Shutdown
USA,US -309 ,MAINE YANKEE,PWR  ,,2630,900,860,MYAPC,CE,1968-10,1972-11,1972-12,1997-8 ,,,-,Shutdown
USA,US -245 ,MILLSTONE-1,BWR  ,,2011,684,641,DOMINION,GE,1966-5 ,1970-11,1971-3 ,1998-7 ,,,-,Shutdown
USA,US -219 ,OYSTER CREEK,BWR  ,,1930,652,619,EXELON,GE,1964-12,1969-9 ,1969-12,2018-9 ,,,-,Shutdown
USA,US -130 ,PATHFINDER,BWR  ,,220,63,59,NMC,AC,1959-1 ,1966-7 ,1966-8 ,1967-10,,,-,Shutdown
USA,US -171 ,PEACH BOTTOM-1,HTGR ,,115,42,40,EXELON,GA,1962-2 ,1967-1 ,1967-6 ,1974-11,,,-,Shutdown
USA,US -293 ,PILGRIM-1,BWR  ,,2028,711,677,ENTERGY,GE,1968-8 ,1972-7 ,1972-12,2019-5 ,,,-,Shutdown
USA,US -012 ,PIQUA,X    ,,46,12,12,CofPiqua,GE,1960-1 ,1963-7 ,1963-11,1966-1 ,,,-,Shutdown
USA,US -312 ,RANCHO SECO-1,PWR  ,,2772,917,873,SMUD,B&W,1969-4 ,1974-10,1975-4 ,1989-6 ,,,-,Shutdown
USA,US -206 ,SAN ONOFRE-1,PWR  ,,1347,456,436,SCE,WH,1964-5 ,1967-7 ,1968-1 ,1992-11,,,-,Shutdown
USA,US -361 ,SAN ONOFRE-2,PWR  ,,3438,1127,1070,SCE,CE,1974-3 ,1982-9 ,1983-8 ,2013-6 ,,,-,Shutdown
USA,US -362 ,SAN ONOFRE-3,PWR  ,,3438,1127,1080,SCE,CE,1974-3 ,1983-9 ,1984-4 ,2013-6 ,,,-,Shutdown
USA,US -146 ,SAXTON,PWR  ,,24,3,3,SNEC,GE,1960-1 ,1967-3 ,,1972-5 ,,,-,Shutdown
USA,US -001 ,SHIPPINGPORT,PWR  ,,236,68,60,DOE DUQU,WH,1954-1 ,1957-12,1958-5 ,1982-10,,,-,Shutdown
USA,US -322 ,SHOREHAM,BWR  ,,2436,849,820,LIPA,GE,1972-11,1986-8 ,,1989-6 ,,,-,Shutdown
USA,US -289 ,THREE MILE ISLAND-1,PWR  ,,2568,880,819,EXELON,B&W,1968-5 ,1974-6 ,1974-9 ,2019-9 ,,,-,Shutdown
USA,US -320 ,THREE MILE ISLAND-2,PWR  ,,2772,959,880,GPU,B&W,1969-11,1978-4 ,1978-12,1979-3 ,,,-,Shutdown
USA,US -344 ,TROJAN,PWR  ,,3411,1155,1095,PORTGE,WH,1970-2 ,1975-12,1976-5 ,1992-11,,,-,Shutdown
USA,US -271 ,VERMONT YANKEE,BWR  ,,1912,635,605,ENTERGY,GE,1967-12,1972-9 ,1972-11,2014-12,,,-,Shutdown
USA,US -29  ,YANKEE NPS,PWR  ,,600,180,167,YAEC,WH,1957-11,1960-11,1961-7 ,1991-10,,,-,Shutdown
USA,US -295 ,ZION-1,PWR  ,,3250,1085,1040,EXELON,WH,1968-12,1973-6 ,1973-12,1998-2 ,,,-,Shutdown
USA,US -304 ,ZION-2,PWR  ,,3250,1085,1040,EXELON,WH,1968-12,1973-12,1974-9 ,1998-2 ,,,-,Shutdown
"TAIWAN,CHINA",TW -1   ,CHINSHAN-1,BWR  ,,1840,636,604,TPC,GE,1972-6 ,1977-11,1978-12,2018-12,,,-,Shutdown
"TAIWAN,CHINA",TW -2   ,CHINSHAN-2,BWR  ,,1840,636,604,TPC,GE,1973-12,1978-12,1979-7 ,2019-7 ,,,-,Shutdown
"TAIWAN,CHINA",TW -3   ,KUOSHENG-1,BWR  ,,2894,985,985,TPC,GE,1975-11,1981-5 ,1981-12,2021-12,,,-,Shutdown
