Country,Code,Name,Type,Model,ThermalPower,Gross,Net,Operator,Provider,EAF,UCF,Start,Connection,Operation,Shutdown,Construction_time,Online
ARMENIA,AM -18  ,ARMENIAN-1,PWR  ,,1375,408,376,ANPPCJSC,FAEA,,,1969-07-01,1976-12-01,1977-10-01 00:00:00,1989-02-01,2710,False
BELGIUM,BE -1   ,BR-3,PWR  ,,41,12,10,CEN/SCK,WH,,,1957-11-01,1962-10-01,1962-10-01 00:00:00,1987-06-01,1795,False
BULGARIA,BG -1   ,KOZLODUY-1,PWR  ,,1375,440,408,KOZNPP,AEE,,,1970-04-01,1974-07-01,1974-10-01 00:00:00,2002-12-01,1552,False
BULGARIA,BG -2   ,KOZLODUY-2,PWR  ,,1375,440,408,KOZNPP,AEE,,,1970-04-01,1975-08-01,1975-11-01 00:00:00,2002-12-01,1948,False
BULGARIA,BG -3   ,KOZLODUY-3,PWR  ,,1375,440,408,KOZNPP,AEE,,,1973-10-01,1980-12-01,,2006-12-01,2618,False
BULGARIA,BG -4   ,KOZLODUY-4,PWR  ,,1375,440,408,KOZNPP,AEE,,,1973-10-01,1982-05-01,1982-06-01 00:00:00,2006-12-01,3134,False
CANADA,CA -2   ,DOUGLAS POINT,PHWR ,,704,218,206,OH,AECL,,,1960-02-01,1967-01-01,1968-09-01 00:00:00,1984-05-01,2526,False
CANADA,CA -3   ,GENTILLY-1,HWLWR,,792,266,250,HQ,AECL,,,1966-09-01,1971-04-01,1972-05-01 00:00:00,1977-06-01,1673,False
CANADA,CA -12  ,GENTILLY-2,PHWR ,,2156,675,635,HQ,AECL,,,1974-04-01,1982-12-01,1983-10-01 00:00:00,2012-12-01,3166,False
CANADA,CA -5   ,PICKERING-2,PHWR ,,1744,542,515,OPG,OH/AECL,,,1966-09-01,1971-10-01,1971-12-01 00:00:00,2007-05-01,1856,False
CANADA,CA -6   ,PICKERING-3,PHWR ,,1744,542,515,OPG,OH/AECL,,,1967-12-01,1972-05-01,1972-06-01 00:00:00,2008-10-01,1613,False
CANADA,CA -1   ,ROLPHTON NPD,PHWR ,,92,25,22,OH,CGE,,,1958-01-01,1962-06-01,1962-10-01 00:00:00,1987-08-01,1612,False
FRANCE,FR -9   ,BUGEY-1,GCR  ,,1954,555,540,EDF,FRAM,,,1965-12-01,1972-04-01,1972-07-01 00:00:00,1994-05-01,2313,False
FRANCE,FR -2   ,CHINON A-1,GCR  ,,300,80,70,EDF,LEVIVIER,,,1957-02-01,1963-06-01,1964-02-01 00:00:00,1973-04-01,2311,False
FRANCE,FR -3   ,CHINON A-2,GCR  ,,800,230,180,EDF,LEVIVIER,,,1959-08-01,1965-02-01,1965-02-01 00:00:00,1985-06-01,2011,False
FRANCE,FR -4   ,CHINON A-3,GCR  ,,1170,480,360,EDF,GTM,,,1961-03-01,1966-08-01,1966-08-01 00:00:00,1990-06-01,1979,False
FRANCE,FR -5   ,CHOOZ-A (ARDENNES),PWR  ,,1040,320,305,SENA,A/F/W,,,1962-01-01,1967-04-01,1967-04-01 00:00:00,1991-10-01,1916,False
FRANCE,FR -6   ,EL-4 (MONTS D'ARREE),HWGCR,,250,75,70,EDF,GAAA,,,1962-07-01,1967-07-01,1968-06-01 00:00:00,1985-07-01,1826,False
FRANCE,FR -11  ,FESSENHEIM-1,PWR  ,,2785,920,880,EDF,FRAM,,,1971-09-01,1977-04-01,1978-01-01 00:00:00,2020-02-01,2039,False
FRANCE,FR -12  ,FESSENHEIM-2,PWR  ,,2785,920,880,EDF,FRAM,,,1972-02-01,1977-10-01,1978-04-01 00:00:00,2020-06-01,2069,False
FRANCE,FR -1B  ,G-2 (MARCOULE),GCR  ,,260,43,39,COGEMA,SACM,,,1955-03-01,1959-04-01,1959-04-01 00:00:00,1980-02-01,1492,False
FRANCE,FR -1   ,G-3 (MARCOULE),GCR  ,,260,43,40,COGEMA,SACM,,,1956-03-01,1960-04-01,1960-04-01 00:00:00,1984-06-01,1492,False
FRANCE,FR -10  ,PHENIX,FBR  ,,345,142,130,CEA/EDF,CNCLNEY,,,1968-11-01,1973-12-01,1974-07-01 00:00:00,2010-02-01,1856,False
FRANCE,FR -7   ,ST. LAURENT A-1,GCR  ,,1650,500,390,EDF,FRAM,,,1963-10-01,1969-03-01,1969-06-01 00:00:00,1990-04-01,1978,False
FRANCE,FR -8   ,ST. LAURENT A-2,GCR  ,,1475,530,465,EDF,FRAM,,,1966-01-01,1971-08-01,1971-11-01 00:00:00,1992-05-01,2038,False
FRANCE,FR -24  ,SUPER-PHENIX,FBR  ,,3000,1242,1200,EDF,ASPALDO,,,1976-12-01,1986-01-01,1986-12-01 00:00:00,1998-12-01,3318,False
GERMANY,DE -4   ,AVR JUELICH,HTGR ,,46,15,13,AVR,BBK,,,1961-08-01,1967-12-01,1969-05-01 00:00:00,1988-12-01,2313,False
GERMANY,DE -12  ,BIBLIS-A,PWR  ,,3517,1225,1167,RWE,KWU,,,1970-01-01,1974-08-01,1975-02-01 00:00:00,2011-08-01,1673,False
GERMANY,DE -18  ,BIBLIS-B,PWR  ,,3733,1300,1240,RWE,KWU,,,1972-02-01,1976-04-01,1977-01-01 00:00:00,2011-08-01,1521,False
GERMANY,DE -13  ,BRUNSBUETTEL,BWR  ,,2292,806,771,KKB,KWU,,,1970-04-01,1976-07-01,1977-02-01 00:00:00,2011-08-01,2283,False
GERMANY,DE -23  ,GRAFENRHEINFELD,PWR  ,,3765,1345,1275,E.ON,KWU,,,1975-01-01,1981-12-01,1982-06-01 00:00:00,2015-06-01,2526,False
GERMANY,DE -502 ,GREIFSWALD-1,PWR  ,,1375,440,408,EWN,AEE,,,1970-03-01,1973-12-01,1974-07-01 00:00:00,1990-02-01,1371,False
GERMANY,DE -503 ,GREIFSWALD-2,PWR  ,,1375,440,408,EWN,AEE,,,1970-03-01,1974-12-01,1975-04-01 00:00:00,1990-02-01,1736,False
GERMANY,DE -504 ,GREIFSWALD-3,PWR  ,,1375,440,408,EWN,AEE,,,1972-04-01,1977-10-01,1978-05-01 00:00:00,1990-02-01,2009,False
GERMANY,DE -505 ,GREIFSWALD-4,PWR  ,,1375,440,408,EWN,AEE,,,1972-04-01,1979-09-01,1979-11-01 00:00:00,1990-07-01,2709,False
GERMANY,DE -506 ,GREIFSWALD-5,PWR  ,,1375,440,408,EWN,AEE,,,1976-12-01,1989-04-01,1989-11-01 00:00:00,1989-11-01,4504,False
GERMANY,DE -3   ,GUNDREMMINGEN-A,BWR  ,,801,250,237,KGB,"AEG,GE",,,1962-12-01,1966-12-01,1967-04-01 00:00:00,1977-01-01,1461,False
GERMANY,DE -26  ,GUNDREMMINGEN-B,BWR  ,,3840,1344,1284,KGG,KWU,,,1976-07-01,1984-03-01,1984-07-01 00:00:00,2017-12-01,2800,False
GERMANY,DE -7   ,HDR GROSSWELZHEIM,BWR  ,,100,27,25,HDR,"AEG,KWU",,,1965-01-01,1969-10-01,1970-08-01 00:00:00,1971-04-01,1734,False
GERMANY,DE -16  ,ISAR-1,BWR  ,,2575,912,878,E.ON,KWU,,,1972-05-01,1977-12-01,1979-03-01 00:00:00,2011-08-01,2040,False
GERMANY,DE -8   ,KNK II,FBR  ,,58,21,17,KBG,IA,,,1974-09-01,1978-04-01,1979-03-01 00:00:00,1991-08-01,1308,False
GERMANY,DE -20  ,KRUEMMEL,BWR  ,,3690,1402,1346,KKK,KWU,,,1974-04-01,1983-09-01,1984-03-01 00:00:00,2011-08-01,3440,False
GERMANY,DE -6   ,LINGEN,BWR  ,,520,268,183,KWL,AEG,,,1964-10-01,1968-07-01,1968-10-01 00:00:00,1977-01-01,1369,False
GERMANY,DE -22  ,MUELHEIM-KAERLICH,PWR  ,,3760,1302,1219,KGG,BBR,,,1975-01-01,1986-03-01,1987-08-01 00:00:00,1988-09-01,4077,False
GERMANY,DE -2   ,MZFR,PHWR ,,200,57,52,KBG,SIEMENS,,,1961-12-01,1966-03-01,1966-12-01 00:00:00,1984-05-01,1551,False
GERMANY,DE -15  ,NECKARWESTHEIM-1,PWR  ,,2497,840,785,EnKK,KWU,,,1972-02-01,1976-06-01,1976-12-01 00:00:00,2011-08-01,1582,False
GERMANY,DE -11  ,NIEDERAICHBACH,HWGCR,,321,106,100,KKN,"SIEM,KWU",,,1966-06-01,1973-01-01,1973-01-01 00:00:00,1974-07-01,2406,False
GERMANY,DE -5   ,OBRIGHEIM,PWR  ,,1050,357,340,EnBW,"SIEM,KWU",,,1965-03-01,1968-10-01,1969-03-01 00:00:00,2005-05-01,1310,False
GERMANY,DE -14  ,PHILIPPSBURG-1,BWR  ,,2575,926,890,EnKK,KWU,,,1970-10-01,1979-05-01,1980-03-01 00:00:00,2011-08-01,3134,False
GERMANY,DE -24  ,PHILIPPSBURG-2,PWR  ,,3950,1468,1402,EnKK,KWU,,,1977-07-01,1984-12-01,1985-04-01 00:00:00,2019-12-01,2710,False
GERMANY,DE -501 ,RHEINSBERG,PWR  ,,265,70,62,EWN,AEE,,,1960-01-01,1966-05-01,1966-10-01 00:00:00,1990-06-01,2312,False
GERMANY,DE -10  ,STADE,PWR  ,,1900,672,640,E.ON,KWU,,,1967-12-01,1972-01-01,1972-05-01 00:00:00,2003-11-01,1492,False
GERMANY,DE -19  ,THTR-300,HTGR ,,760,308,296,HKG,HRB,,,1971-05-01,1985-11-01,1987-06-01 00:00:00,1988-09-01,5298,False
GERMANY,DE -17  ,UNTERWESER,PWR  ,,3900,1410,1345,E.ON,KWU,,,1972-07-01,1978-09-01,1979-09-01 00:00:00,2011-08-01,2253,False
GERMANY,DE -1   ,VAK KAHL,BWR  ,,60,16,15,VAK,"GE,AEG",,,1958-07-01,1961-06-01,1962-02-01 00:00:00,1985-11-01,1066,False
GERMANY,DE -9   ,WUERGASSEN,BWR  ,,1912,670,640,PE,"AEG,KWU",,,1968-01-01,1971-12-01,1975-11-01 00:00:00,1994-08-01,1430,False
ITALY,IT -4   ,CAORSO,BWR  ,,2651,882,860,SOGIN,AMN/GETS,,,1970-01-01,1978-05-01,1981-12-01 00:00:00,1990-07-01,3042,False
ITALY,IT -3   ,ENRICO FERMI,PWR  ,,870,270,260,SOGIN,EL/WEST,,,1961-07-01,1964-10-01,1965-01-01 00:00:00,1990-07-01,1188,False
ITALY,IT -2   ,GARIGLIANO,BWR  ,,506,160,150,SOGIN,GE,,,1959-11-01,1964-01-01,1964-06-01 00:00:00,1982-03-01,1522,False
ITALY,IT -1   ,LATINA,GCR  ,,660,160,153,SOGIN,TNPG,,,1958-11-01,1963-05-01,1964-01-01 00:00:00,1987-12-01,1642,False
JAPAN,JP -20  ,FUGEN ATR,HWLWR,,557,165,148,JAEA,HITACHI,,,1972-05-01,1978-07-01,1979-03-01 00:00:00,2003-03-01,2252,False
JAPAN,JP -5   ,FUKUSHIMA-DAIICHI-1,BWR  ,,1380,460,439,TEPCO,GE/GETSC,,,1967-07-01,1970-11-01,,2011-05-01,1219,False
JAPAN,JP -9   ,FUKUSHIMA-DAIICHI-2,BWR  ,,2381,784,760,TEPCO,GE/T,,,1969-06-01,1973-12-01,1974-07-01 00:00:00,2011-05-01,1644,False
JAPAN,JP -10  ,FUKUSHIMA-DAIICHI-3,BWR  ,,2381,784,760,TEPCO,TOSHIBA,,,1970-12-01,1974-10-01,1976-03-01 00:00:00,2011-05-01,1400,False
JAPAN,JP -16  ,FUKUSHIMA-DAIICHI-4,BWR  ,,2381,784,760,TEPCO,HITACHI,,,1973-02-01,1978-02-01,1978-10-01 00:00:00,2011-05-01,1826,False
JAPAN,JP -17  ,FUKUSHIMA-DAIICHI-5,BWR  ,,2381,784,760,TEPCO,TOSHIBA,,,1972-05-01,1977-09-01,1978-04-01 00:00:00,2013-12-01,1949,False
JAPAN,JP -18  ,FUKUSHIMA-DAIICHI-6,BWR  ,,3293,1100,1067,TEPCO,GE/T,,,1973-10-01,1979-05-01,1979-10-01 00:00:00,2013-12-01,2038,False
JAPAN,JP -25  ,FUKUSHIMA-DAINI-1,BWR  ,,3293,1100,1067,TEPCO,TOSHIBA,,,1976-03-01,1981-07-01,1982-04-01 00:00:00,2019-09-01,1948,False
JAPAN,JP -26  ,FUKUSHIMA-DAINI-2,BWR  ,,3293,1100,1067,TEPCO,HITACHI,,,1979-05-01,1983-06-01,1984-02-01 00:00:00,2019-09-01,1492,False
JAPAN,JP -35  ,FUKUSHIMA-DAINI-3,BWR  ,,3293,1100,1067,TEPCO,TOSHIBA,,,1981-03-01,1984-12-01,1985-06-01 00:00:00,2019-09-01,1371,False
JAPAN,JP -38  ,FUKUSHIMA-DAINI-4,BWR  ,,3293,1100,1067,TEPCO,HITACHI,,,1981-05-01,1986-12-01,1987-08-01 00:00:00,2019-09-01,2040,False
JAPAN,JP -12  ,GENKAI-1,PWR  ,,1650,559,529,KYUSHU,MHI,,,1971-09-01,1975-02-01,1975-10-01 00:00:00,2015-04-01,1249,False
JAPAN,JP -27  ,GENKAI-2,PWR  ,,1650,559,529,KYUSHU,MHI,,,1977-02-01,1980-06-01,1981-03-01 00:00:00,2019-04-01,1216,False
JAPAN,JP -11  ,HAMAOKA-1,BWR  ,,1593,540,515,CHUBU,TOSHIBA,,,1971-06-01,1974-08-01,1976-03-01 00:00:00,2009-01-01,1157,False
JAPAN,JP -24  ,HAMAOKA-2,BWR  ,,2436,840,806,CHUBU,TOSHIBA,,,1974-06-01,1978-05-01,1978-11-01 00:00:00,2009-01-01,1430,False
JAPAN,JP -23  ,IKATA-1,PWR  ,,1650,566,538,SHIKOKU,MHI,,,1973-09-01,1977-02-01,1977-09-01 00:00:00,2016-05-01,1249,False
JAPAN,JP -32  ,IKATA-2,PWR  ,,1650,566,538,SHIKOKU,MHI,,,1978-08-01,1981-08-01,1982-03-01 00:00:00,2018-05-01,1096,False
JAPAN,JP -1   ,JPDR,BWR  ,,90,13,12,JAEA,GE,,,1960-12-01,1963-10-01,1965-03-01 00:00:00,1976-03-01,1034,False
JAPAN,JP -4   ,MIHAMA-1,PWR  ,,1031,340,320,KEPCO,WH,,,1967-02-01,1970-08-01,1970-11-01 00:00:00,2015-04-01,1277,False
JAPAN,JP -6   ,MIHAMA-2,PWR  ,,1456,500,470,KEPCO,MHI,,,1968-05-01,1972-04-01,1972-07-01 00:00:00,2015-04-01,1431,False
JAPAN,JP -31  ,MONJU,FBR  ,,714,280,246,JAEA,T/H/F/M,,,1986-05-01,1995-08-01,,2017-12-01,3379,False
JAPAN,JP -15  ,OHI-1,PWR  ,,3423,1175,1120,KEPCO,WH,,,1972-10-01,1977-12-01,1979-03-01 00:00:00,2018-03-01,1887,False
JAPAN,JP -19  ,OHI-2,PWR  ,,3423,1175,1120,KEPCO,WH,,,1972-12-01,1978-10-01,1979-12-01 00:00:00,2018-03-01,2130,False
JAPAN,JP -22  ,ONAGAWA-1,BWR  ,,1593,524,498,TOHOKU,TOSHIBA,,,1980-07-01,1983-11-01,1984-06-01 00:00:00,2018-12-01,1218,False
JAPAN,JP -7   ,SHIMANE-1,BWR  ,,1380,460,439,CHUGOKU,HITACHI,,,1970-07-01,1973-12-01,,2015-04-01,1249,False
JAPAN,JP -2   ,TOKAI-1,GCR  ,,587,166,137,JAPCO,GEC,,,1961-03-01,1965-11-01,1966-07-01 00:00:00,1998-03-01,1706,False
JAPAN,JP -3   ,TSURUGA-1,BWR  ,,1070,357,340,JAPCO,GE,,,1966-11-01,1969-11-01,1970-03-01 00:00:00,2015-04-01,1096,False
KAZAKHSTAN,KZ -10  ,AKTAU,FBR  ,,1000,90,52,MAEC-KAZ,MAEC-KAZ,,,1964-10-01,1973-07-01,,1999-04-01,3195,False
"KOREA,REP.OF",KR -1   ,KORI-1,PWR  ,,1729,607,576,KHNP,WH,,,1972-08-01,1977-06-01,1978-04-01 00:00:00,2017-06-01,1765,False
"KOREA,REP.OF",KR -3   ,WOLSONG-1,PHWR ,,2061,683,661,KHNP,AECL,,,1977-10-01,1982-12-01,1983-04-01 00:00:00,2019-12-01,1887,False
LITHUANIA,LT -46  ,IGNALINA-1,LWGR ,,4800,1300,1185,INPP,MAEP,,,1977-05-01,1983-12-01,1985-05-01 00:00:00,2004-12-01,2405,False
LITHUANIA,LT -47  ,IGNALINA-2,LWGR ,,4800,1300,1185,INPP,MAEP,,,1978-01-01,1987-08-01,1987-12-01 00:00:00,2009-12-01,3499,False
NETHERLANDS,NL -1   ,DODEWAARD,BWR  ,,183,60,55,BV GKN,RDM,,,1965-05-01,1968-10-01,1969-03-01 00:00:00,1997-03-01,1249,False
RUSSIA,RU -1   ,APS-1 OBNINSK,LWGR ,,30,6,5,MSM,MSM,,,1951-01-01,1954-06-01,1954-12-01 00:00:00,2002-04-01,1247,False
RUSSIA,RU -3   ,BELOYARSK-1,LWGR ,,286,108,102,REA,MSM,,,1958-06-01,1964-04-01,1964-04-01 00:00:00,1983-01-01,2131,False
RUSSIA,RU -6   ,BELOYARSK-2,LWGR ,,530,160,146,REA,MSM,,,1962-01-01,1967-12-01,1969-12-01 00:00:00,1990-01-01,2160,False
RUSSIA,RU -141 ,BILIBINO-1,LWGR ,,62,12,11,REA,AEM,,,1970-01-01,1974-01-01,1974-04-01 00:00:00,2019-01-01,1461,False
RUSSIA,RU -15  ,LENINGRAD-1,LWGR ,,3200,1000,925,REA,AEM,,,1970-03-01,1973-12-01,1974-11-01 00:00:00,2018-12-01,1371,False
RUSSIA,RU -16  ,LENINGRAD-2,LWGR ,,3200,1000,925,REA,AEM,,,1970-06-01,1975-07-01,1976-02-01 00:00:00,2020-11-01,1856,False
RUSSIA,RU -4   ,NOVOVORONEZH-1,PWR  ,,760,210,197,REA,MSM,,,1957-07-01,1964-09-01,1964-12-01 00:00:00,1988-02-01,2619,False
RUSSIA,RU -8   ,NOVOVORONEZH-2,PWR  ,,1320,365,336,REA,MSM,,,1964-06-01,1969-12-01,1970-04-01 00:00:00,1990-08-01,2009,False
RUSSIA,RU -9   ,NOVOVORONEZH-3,PWR  ,,1375,417,385,REA,AEM,,,1967-07-01,1971-12-01,1972-06-01 00:00:00,2016-12-01,1614,False
SLOVAKIA,SK -1   ,BOHUNICE A1,HWGCR,,560,143,93,JAVYS,ŠKODA ,,,1958-08-01,1972-12-01,1972-12-01 00:00:00,1977-02-01,5236,False
SLOVAKIA,SK -2   ,BOHUNICE-1,PWR  ,,1375,440,408,JAVYS,AEE,,,1972-04-01,1978-12-01,1980-04-01 00:00:00,2006-12-01,2435,False
SLOVAKIA,SK -3   ,BOHUNICE-2,PWR  ,,1375,440,408,JAVYS,AEE,,,1972-04-01,1980-03-01,1981-01-01 00:00:00,2008-12-01,2891,False
SPAIN,ES -1   ,JOSE CABRERA-1,PWR  ,,510,150,141,UFG,WH,,,1964-06-01,1968-07-01,1969-08-01 00:00:00,2006-04-01,1491,False
SPAIN,ES -2   ,SANTA MARIA DE GARONA,BWR  ,,1381,466,446,NUCLENOR,GE,,,1966-09-01,1971-03-01,1971-05-01 00:00:00,2017-08-01,1642,False
SPAIN,ES -3   ,VANDELLOS-1,GCR  ,,1670,500,480,HIFRENSA,CEA,,,1968-06-01,1972-05-01,1972-08-01 00:00:00,1990-07-01,1430,False
SWEDEN,SE -1   ,AGESTA,PHWR ,,80,12,10,SVAFO,ABB ATOM,,,1957-12-01,1964-05-01,1964-05-01 00:00:00,1974-06-01,2343,False
SWEDEN,SE -6   ,BARSEBACK-1,BWR  ,,1800,615,600,BKAB,ASEASTAL,,,1971-02-01,1975-05-01,1975-07-01 00:00:00,1999-11-01,1550,False
SWEDEN,SE -8   ,BARSEBACK-2,BWR  ,,1800,615,600,BKAB,ABB ATOM,,,1973-01-01,1977-03-01,1977-07-01 00:00:00,2005-05-01,1520,False
SWEDEN,SE -2   ,OSKARSHAMN-1,BWR  ,,1375,492,473,OKG,ABB ATOM,,,1966-08-01,1971-08-01,1972-02-01 00:00:00,2017-06-01,1826,False
SWEDEN,SE -3   ,OSKARSHAMN-2,BWR  ,,1800,661,638,OKG,ABB ATOM,,,1969-09-01,1974-10-01,1975-01-01 00:00:00,2016-12-01,1856,False
SWEDEN,SE -4   ,RINGHALS-1,BWR  ,,2540,910,881,RAB,ABB ATOM,,,1969-02-01,1974-10-01,1976-01-01 00:00:00,2020-12-01,2068,False
SWEDEN,SE -5   ,RINGHALS-2,PWR  ,,2652,963,852,RAB,WH,,,1970-10-01,1974-08-01,1975-05-01 00:00:00,2019-12-01,1400,False
SWITZERLAND,CH -8   ,LUCENS,HWGCR,,28,7,6,EOS,NGA,,,1962-04-01,1968-01-01,,1969-01-01,2101,False
SWITZERLAND,CH -2   ,MUEHLEBERG,BWR  ,,1097,390,373,BKW,GETSCO,,,1967-03-01,1971-07-01,1972-11-01 00:00:00,2019-12-01,1583,False
UK,GB -3A  ,BERKELEY-1,GCR  ,,620,166,138,ML,TNPG,,,1957-01-01,1962-06-01,1962-06-01 00:00:00,1989-03-01,1977,False
UK,GB -3B  ,BERKELEY-2,GCR  ,,620,166,138,ML,TNPG,,,1957-01-01,1962-06-01,1962-10-01 00:00:00,1988-10-01,1977,False
UK,GB -4A  ,BRADWELL-1,GCR  ,,481,146,123,ML,TNPG,,,1957-01-01,1962-07-01,1962-07-01 00:00:00,2002-03-01,2007,False
UK,GB -4B  ,BRADWELL-2,GCR  ,,481,146,123,ML,TNPG,,,1957-01-01,1962-07-01,1962-11-01 00:00:00,2002-03-01,2007,False
UK,GB -1A  ,CALDER HALL-1,GCR  ,,268,60,49,SL,UKAEA,,,1953-08-01,1956-08-01,1956-10-01 00:00:00,2003-03-01,1096,False
UK,GB -1B  ,CALDER HALL-2,GCR  ,,268,60,49,SL,UKAEA,,,1953-08-01,1957-02-01,1957-02-01 00:00:00,2003-03-01,1280,False
UK,GB -1C  ,CALDER HALL-3,GCR  ,,268,60,49,SL,UKAEA,,,1955-08-01,1958-03-01,1958-05-01 00:00:00,2003-03-01,943,False
UK,GB -1D  ,CALDER HALL-4,GCR  ,,268,60,49,SL,UKAEA,,,1955-08-01,1959-04-01,1959-04-01 00:00:00,2003-03-01,1339,False
UK,GB -2A  ,CHAPELCROSS-1,GCR  ,,260,60,48,ML,UKAEA,,,1955-10-01,1959-02-01,1959-03-01 00:00:00,2004-06-01,1219,False
UK,GB -2B  ,CHAPELCROSS-2,GCR  ,,260,60,48,ML,UKAEA,,,1955-10-01,1959-07-01,1959-08-01 00:00:00,2004-06-01,1369,False
UK,GB -2C  ,CHAPELCROSS-3,GCR  ,,260,60,48,ML,UKAEA,,,1955-10-01,1959-11-01,1959-12-01 00:00:00,2004-06-01,1492,False
UK,GB -2D  ,CHAPELCROSS-4,GCR  ,,260,60,48,ML,UKAEA,,,1955-10-01,1960-01-01,1960-03-01 00:00:00,2004-06-01,1553,False
UK,GB -14  ,DOUNREAY DFR,FBR  ,,60,15,11,UKAEA,UKAEA,,,1955-03-01,1962-10-01,1962-10-01 00:00:00,1977-03-01,2771,False
UK,GB -15  ,DOUNREAY PFR,FBR  ,,600,250,234,UKAEA,TNPG,,,1966-01-01,1975-01-01,1976-07-01 00:00:00,1994-03-01,3287,False
UK,GB -9A  ,DUNGENESS A-1,GCR  ,,840,230,225,ML,TNPG,,,1960-07-01,1965-09-01,1965-10-01 00:00:00,2006-12-01,1888,False
UK,GB -9B  ,DUNGENESS A-2,GCR  ,,840,230,225,ML,TNPG,,,1960-07-01,1965-11-01,1965-12-01 00:00:00,2006-12-01,1949,False
UK,GB -7A  ,HINKLEY POINT A-1,GCR  ,,900,267,235,ML,EE/B&W/T,,,1957-11-01,1965-02-01,1965-03-01 00:00:00,2000-05-01,2649,False
UK,GB -7B  ,HINKLEY POINT A-2,GCR  ,,900,267,235,ML,EE/B&W/T,,,1957-11-01,1965-03-01,1965-05-01 00:00:00,2000-05-01,2677,False
UK,GB -6A  ,HUNTERSTON A-1,GCR  ,,595,173,150,ML,GEC,,,1957-10-01,1964-02-01,1964-02-01 00:00:00,1990-03-01,2314,False
UK,GB -6B  ,HUNTERSTON A-2,GCR  ,,595,173,150,ML,GEC,,,1957-10-01,1964-06-01,1964-07-01 00:00:00,1989-12-01,2435,False
UK,GB -11A ,OLDBURY A-1,GCR  ,,730,230,217,ML,TNPG,,,1962-05-01,1967-11-01,1967-12-01 00:00:00,2012-02-01,2010,False
UK,GB -11B ,OLDBURY A-2,GCR  ,,660,230,217,ML,TNPG,,,1962-05-01,1968-04-01,1968-09-01 00:00:00,2011-06-01,2162,False
UK,GB -10A ,SIZEWELL A-1,GCR  ,,1010,245,210,ML,EE/B&W/T,,,1961-04-01,1966-01-01,1966-03-01 00:00:00,2006-12-01,1736,False
UK,GB -10B ,SIZEWELL A-2,GCR  ,,1010,245,210,ML,EE/B&W/T,,,1961-04-01,1966-04-01,1966-09-01 00:00:00,2006-12-01,1826,False
UK,GB -8A  ,TRAWSFYNYDD-1,GCR  ,,850,235,195,ML,APC,,,1959-07-01,1965-01-01,1965-03-01 00:00:00,1991-02-01,2011,False
UK,GB -8B  ,TRAWSFYNYDD-2,GCR  ,,850,235,195,ML,APC,,,1959-07-01,1965-02-01,1965-03-01 00:00:00,1991-02-01,2042,False
UK,GB -5   ,WINDSCALE AGR,GCR  ,,120,36,24,UKAEA,UKAEA,,,1958-11-01,1963-02-01,1963-03-01 00:00:00,1981-04-01,1553,False
UK,GB -12  ,WINFRITH SGHWR,SGHWR,,318,100,92,UKAEA,ICL/FE,,,1963-05-01,1967-12-01,1968-01-01 00:00:00,1990-09-01,1675,False
UK,GB -13A ,WYLFA-1,GCR  ,,1650,530,490,ML,EE/B&W/T,,,1963-09-01,1971-01-01,1971-11-01 00:00:00,2015-12-01,2679,False
UK,GB -13B ,WYLFA-2,GCR  ,,1920,540,490,ML,EE/B&W/T,,,1963-09-01,1971-07-01,1972-01-01 00:00:00,2012-04-01,2860,False
UKRAINE,UA -25  ,CHERNOBYL-1,LWGR ,,3200,800,740,MTE,FAEA,,,1970-03-01,1977-09-01,1978-05-01 00:00:00,1996-11-01,2741,False
UKRAINE,UA -26  ,CHERNOBYL-2,LWGR ,,3200,1000,925,MTE,FAEA,,,1973-02-01,1978-12-01,1979-05-01 00:00:00,1991-10-01,2129,False
UKRAINE,UA -42  ,CHERNOBYL-3,LWGR ,,3200,1000,925,MTE,FAEA,,,1976-03-01,1981-12-01,1982-06-01 00:00:00,2000-12-01,2101,False
UKRAINE,UA -43  ,CHERNOBYL-4,LWGR ,,3200,1000,925,MTE,FAEA,,,1979-04-01,1983-12-01,1984-03-01 00:00:00,1986-04-01,1705,False
USA,US -155 ,BIG ROCK POINT,BWR  ,,240,71,67,CPC,GE,,,1960-05-01,1962-12-01,1963-03-01 00:00:00,1997-08-01,944,False
USA,US -014 ,BONUS,BWR  ,,50,18,17,DOE/PRWR,GNEPRWRA,,,1960-01-01,1964-08-01,1965-09-01 00:00:00,1968-06-01,1674,False
USA,US -302 ,CRYSTAL RIVER-3,PWR  ,,2568,890,860,PROGRESS,B&W,,,1968-09-01,1977-01-01,1977-03-01 00:00:00,2013-02-01,3044,False
USA,US -144 ,CVTR,PHWR ,,65,19,17,CVPA,WH,,,1960-01-01,1963-12-01,1963-12-01 00:00:00,1967-01-01,1430,False
USA,US -10  ,DRESDEN-1,BWR  ,,700,207,197,EXELON,GE,,,1956-05-01,1960-04-01,1960-07-01 00:00:00,1978-10-01,1431,False
USA,US -331 ,DUANE ARNOLD-1,BWR  ,,1912,624,601,NEXTERA,GE,,,1970-06-01,1974-05-01,1975-02-01 00:00:00,2020-10-01,1430,False
USA,US -011 ,ELK RIVER,BWR  ,,58,24,22,RCPA,AC,,,1959-01-01,1963-08-01,1964-07-01 00:00:00,1968-02-01,1673,False
USA,US -16  ,FERMI-1,FBR  ,,200,65,61,DTEDISON,UEC,,,1956-08-01,1966-08-01,1966-08-01 00:00:00,1972-11-01,3652,False
USA,US -285 ,FORT CALHOUN-1,PWR  ,,1500,512,482,EXELON,CE,,,1968-06-01,1973-08-01,1973-09-01 00:00:00,2016-10-01,1887,False
USA,US -267 ,FORT ST. VRAIN,HTGR ,,842,342,330,PSCC,GA,,,1968-09-01,1976-12-01,1979-07-01 00:00:00,1989-08-01,3013,False
USA,US -018 ,GE VALLECITOS,BWR  ,,50,24,24,GE,GE,,,1956-01-01,1957-10-01,1957-10-01 00:00:00,1963-12-01,639,False
USA,US -213 ,HADDAM NECK,PWR  ,,1825,603,560,CYAPC,WH,,,1964-05-01,1967-08-01,1968-01-01 00:00:00,1996-12-01,1187,False
USA,US -077 ,HALLAM,X    ,,256,84,75,AEC/NPPD,GE,,,1959-01-01,1963-09-01,1963-11-01 00:00:00,1964-09-01,1704,False
USA,US -133 ,HUMBOLDT BAY,BWR  ,,220,65,63,PG&E,GE,,,1960-11-01,1963-04-01,1963-08-01 00:00:00,1976-07-01,881,False
USA,US -013 ,INDIAN POINT-1,PWR  ,,615,277,257,ENTERGY,B&W,,,1956-05-01,1962-09-01,1962-10-01 00:00:00,1974-10-01,2314,False
USA,US -247 ,INDIAN POINT-2,PWR  ,,3216,1067,998,ENTERGY,WH,,,1966-10-01,1973-06-01,1974-08-01 00:00:00,2020-04-01,2435,False
USA,US -305 ,KEWAUNEE,PWR  ,,1772,595,566,DOMINION,WH,,,1968-08-01,1974-04-01,1974-06-01 00:00:00,2013-05-01,2069,False
USA,US -409 ,LACROSSE,BWR  ,,165,55,48,DPC,AC,,,1963-03-01,1968-04-01,1969-11-01 00:00:00,1987-04-01,1858,False
USA,US -309 ,MAINE YANKEE,PWR  ,,2630,900,860,MYAPC,CE,,,1968-10-01,1972-11-01,1972-12-01 00:00:00,1997-08-01,1492,False
USA,US -245 ,MILLSTONE-1,BWR  ,,2011,684,641,DOMINION,GE,,,1966-05-01,1970-11-01,1971-03-01 00:00:00,1998-07-01,1645,False
USA,US -219 ,OYSTER CREEK,BWR  ,,1930,652,619,EXELON,GE,,,1964-12-01,1969-09-01,1969-12-01 00:00:00,2018-09-01,1735,False
USA,US -130 ,PATHFINDER,BWR  ,,220,63,59,NMC,AC,,,1959-01-01,1966-07-01,1966-08-01 00:00:00,1967-10-01,2738,False
USA,US -171 ,PEACH BOTTOM-1,HTGR ,,115,42,40,EXELON,GA,,,1962-02-01,1967-01-01,1967-06-01 00:00:00,1974-11-01,1795,False
USA,US -293 ,PILGRIM-1,BWR  ,,2028,711,677,ENTERGY,GE,,,1968-08-01,1972-07-01,1972-12-01 00:00:00,2019-05-01,1430,False
USA,US -012 ,PIQUA,X    ,,46,12,12,CofPiqua,GE,,,1960-01-01,1963-07-01,1963-11-01 00:00:00,1966-01-01,1277,False
USA,US -312 ,RANCHO SECO-1,PWR  ,,2772,917,873,SMUD,B&W,,,1969-04-01,1974-10-01,1975-04-01 00:00:00,1989-06-01,2009,False
USA,US -206 ,SAN ONOFRE-1,PWR  ,,1347,456,436,SCE,WH,,,1964-05-01,1967-07-01,1968-01-01 00:00:00,1992-11-01,1156,False
USA,US -361 ,SAN ONOFRE-2,PWR  ,,3438,1127,1070,SCE,CE,,,1974-03-01,1982-09-01,1983-08-01 00:00:00,2013-06-01,3106,False
USA,US -362 ,SAN ONOFRE-3,PWR  ,,3438,1127,1080,SCE,CE,,,1974-03-01,1983-09-01,1984-04-01 00:00:00,2013-06-01,3471,False
USA,US -146 ,SAXTON,PWR  ,,24,3,3,SNEC,GE,,,1960-01-01,1967-03-01,1967-03-01 00:00:00,1972-05-01,2616,False
USA,US -001 ,SHIPPINGPORT,PWR  ,,236,68,60,DOE DUQU,WH,,,1954-01-01,1957-12-01,1958-05-01 00:00:00,1982-10-01,1430,False
USA,US -322 ,SHOREHAM,BWR  ,,2436,849,820,LIPA,GE,,,1972-11-01,1986-08-01,1986-08-01 00:00:00,1989-05-01,5021,False
USA,US -289 ,THREE MILE ISLAND-1,PWR  ,,2568,880,819,EXELON,B&W,,,1968-05-01,1974-06-01,1974-09-01 00:00:00,2019-09-01,2222,False
USA,US -320 ,THREE MILE ISLAND-2,PWR  ,,2772,959,880,GPU,B&W,,,1969-11-01,1978-04-01,1978-12-01 00:00:00,1979-03-01,3073,False
USA,US -344 ,TROJAN,PWR  ,,3411,1155,1095,PORTGE,WH,,,1970-02-01,1975-12-01,1976-05-01 00:00:00,1992-11-01,2129,False
USA,US -271 ,VERMONT YANKEE,BWR  ,,1912,635,605,ENTERGY,GE,,,1967-12-01,1972-09-01,1972-11-01 00:00:00,2014-12-01,1736,False
USA,US -29  ,YANKEE NPS,PWR  ,,600,180,167,YAEC,WH,,,1957-11-01,1960-11-01,1961-07-01 00:00:00,1991-10-01,1096,False
USA,US -295 ,ZION-1,PWR  ,,3250,1085,1040,EXELON,WH,,,1968-12-01,1973-06-01,1973-12-01 00:00:00,1998-02-01,1643,False
USA,US -304 ,ZION-2,PWR  ,,3250,1085,1040,EXELON,WH,,,1968-12-01,1973-12-01,1974-09-01 00:00:00,1998-02-01,1826,False
"TAIWAN,CHINA",TW -1   ,CHINSHAN-1,BWR  ,,1840,636,604,TPC,GE,,,1972-06-01,1977-11-01,1978-12-01 00:00:00,2018-12-01,1979,False
"TAIWAN,CHINA",TW -2   ,CHINSHAN-2,BWR  ,,1840,636,604,TPC,GE,,,1973-12-01,1978-12-01,1979-07-01 00:00:00,2019-07-01,1826,False
ARGENTINA,AR -1   ,ATUCHA-1,PHWR ,PHWR KWU,1179,362,340,NASA,SIEMENS,74.5,75.5,1968-06-01,1974-03-01,1974-06-01 00:00:00,,2099,True
ARGENTINA,AR -2   ,EMBALSE,PHWR ,CANDU 6,2064,656,608,NASA,AECL,78.6,78.9,1974-04-01,1983-04-01,1984-01-01 00:00:00,,3287,True
ARGENTINA,AR -3   ,ATUCHA-2,PHWR ,PHWR KWU,2160,745,693,NASA,SIEMENS,53.1,53.1,1981-07-01,2014-06-01,2016-05-01 00:00:00,,12023,True
ARMENIA,AM -19  ,ARMENIAN-2,PWR  ,VVER V-270,1375,451,415,ANPPCJSC,FAEA,65.6,67.7,1975-07-01,1980-01-01,1980-05-01 00:00:00,,1645,True
BELARUS,BY -1   ,BELARUSIAN-1,PWR  ,VVER V-491,3200,1194,1110,BelNPP,JSC ASE,0.0,0.0,2013-11-01,2020-11-01,,,2557,True
BELGIUM,BE -2   ,DOEL-1,PWR  ,WH 2LP,1311,454,445,EBL+EDF,ACECOWEN,83.4,84.2,1969-07-01,1974-08-01,1975-02-01 00:00:00,,1857,True
BELGIUM,BE -3   ,TIHANGE-1,PWR  ,Framatome 3 lo,2873,1009,962,EBL,ACLF,79.9,81.9,1970-06-01,1975-03-01,1975-10-01 00:00:00,,1734,True
BELGIUM,BE -4   ,DOEL-2,PWR  ,WH 2LP,1311,454,445,EBL+EDF,ACECOWEN,80.9,81.7,1971-09-01,1975-08-01,1975-12-01 00:00:00,,1430,True
BELGIUM,BE -5   ,DOEL-3,PWR  ,WH 3LP,3054,1056,1006,EBL+EDF,FRAMACEC,78.5,79.5,1975-01-01,1982-06-01,1982-10-01 00:00:00,,2708,True
BELGIUM,BE -6   ,TIHANGE-2,PWR  ,WH 3LP,3064,1055,1008,EBL,FRAMACEC,79.7,80.6,1976-04-01,1982-10-01,1983-06-01 00:00:00,,2374,True
BELGIUM,BE -7   ,DOEL-4,PWR  ,WH 3LP,2988,1090,1038,EBL+EDF,ACECOWEN,83.3,84.0,1978-12-01,1985-04-01,1985-07-01 00:00:00,,2313,True
BELGIUM,BE -8   ,TIHANGE-3,PWR  ,WH 3LP,3000,1089,1038,EBL,ACECOWEN,85.9,87.3,1978-11-01,1985-06-01,1985-09-01 00:00:00,,2404,True
BRAZIL,BR -1   ,ANGRA-1,PWR  ,WH 2LP,1882,640,609,ELETROBR,WH,62.9,67.8,1971-05-01,1982-04-01,1985-01-01 00:00:00,,3988,True
BRAZIL,BR -2   ,ANGRA-2,PWR  ,PRE KONVOI,3764,1350,1275,ELETROBR,KWU,87.0,88.2,1976-01-01,2000-07-01,2001-02-01 00:00:00,,8948,True
BULGARIA,BG -5   ,KOZLODUY-5,PWR  ,VVER V-320,3000,1000,1003,KOZNPP,AEE,72.8,74.9,1980-07-01,1987-11-01,1988-12-01 00:00:00,,2679,True
BULGARIA,BG -6   ,KOZLODUY-6,PWR  ,VVER V-320,3120,1040,1003,KOZNPP,AEE,78.7,80.5,1982-04-01,1991-08-01,1993-12-01 00:00:00,,3409,True
CANADA,CA -10  ,BRUCE-3,PHWR ,CANDU 750A,2550,830,770,BRUCEPOW,OH/AECL,74.8,75.3,1972-07-01,1977-12-01,1978-02-01 00:00:00,,1979,True
CANADA,CA -11  ,BRUCE-4,PHWR ,CANDU 750A,2550,830,769,BRUCEPOW,OH/AECL,74.0,74.6,1972-09-01,1978-12-01,1979-01-01 00:00:00,,2282,True
CANADA,CA -13  ,PICKERING-5,PHWR ,CANDU 500B,1744,540,516,OPG,OH/AECL,74.7,75.4,1974-11-01,1982-12-01,1983-05-01 00:00:00,,2952,True
CANADA,CA -14  ,PICKERING-6,PHWR ,CANDU 500B,1744,540,516,OPG,OH/AECL,78.2,78.9,1975-10-01,1983-11-01,1984-02-01 00:00:00,,2953,True
CANADA,CA -15  ,PICKERING-7,PHWR ,CANDU 500B,1744,540,516,OPG,OH/AECL,78.4,79.0,1976-03-01,1984-11-01,1985-01-01 00:00:00,,3167,True
CANADA,CA -16  ,PICKERING-8,PHWR ,CANDU 500B,1744,540,516,OPG,OH/AECL,76.1,76.8,1976-09-01,1986-01-01,1986-02-01 00:00:00,,3409,True
CANADA,CA -17  ,POINT LEPREAU,PHWR ,CANDU 6,2180,705,660,NBEPC,AECL,72.3,73.1,1975-05-01,1982-09-01,1983-02-01 00:00:00,,2680,True
CANADA,CA -18  ,BRUCE-5,PHWR ,CANDU 750B,2832,872,817,BRUCEPOW,OH/AECL,85.3,85.8,1978-06-01,1984-12-01,1985-03-01 00:00:00,,2375,True
CANADA,CA -19  ,BRUCE-6,PHWR ,CANDU 750B,2690,891,817,BRUCEPOW,OH/AECL,81.2,81.8,1978-01-01,1984-06-01,1984-09-01 00:00:00,,2343,True
CANADA,CA -20  ,BRUCE-7,PHWR ,CANDU 750B,2832,872,817,BRUCEPOW,OH/AECL,85.8,86.5,1979-05-01,1986-02-01,1986-04-01 00:00:00,,2468,True
CANADA,CA -21  ,BRUCE-8,PHWR ,CANDU 750B,2690,872,817,BRUCEPOW,OH/AECL,83.6,84.5,1979-08-01,1987-03-01,1987-05-01 00:00:00,,2769,True
CANADA,CA -22  ,DARLINGTON-1,PHWR ,CANDU 850,2776,934,878,OPG,OH/AECL,85.5,86.5,1982-04-01,1990-12-01,1992-11-01 00:00:00,,3166,True
CANADA,CA -23  ,DARLINGTON-2,PHWR ,CANDU 850,2776,934,878,OPG,OH/AECL,70.5,71.4,1981-09-01,1990-01-01,1990-10-01 00:00:00,,3044,True
CANADA,CA -24  ,DARLINGTON-3,PHWR ,CANDU 850,2776,934,878,OPG,OH/AECL,85.3,86.1,1984-09-01,1992-12-01,1993-02-01 00:00:00,,3013,True
CANADA,CA -25  ,DARLINGTON-4,PHWR ,CANDU 850,2776,934,878,OPG,OH/AECL,85.9,86.6,1985-07-01,1993-04-01,1993-06-01 00:00:00,,2831,True
CANADA,CA -4   ,PICKERING-1,PHWR ,CANDU 500A,1744,542,515,OPG,OH/AECL,67.4,67.6,1966-06-01,1971-04-01,1971-07-01 00:00:00,,1765,True
CANADA,CA -7   ,PICKERING-4,PHWR ,CANDU 500A,1744,542,515,OPG,OH/AECL,67.5,67.9,1968-05-01,1973-05-01,1973-06-01 00:00:00,,1826,True
CANADA,CA -8   ,BRUCE-1,PHWR ,CANDU 791,2620,830,774,BRUCEPOW,OH/AECL,72.1,72.6,1971-06-01,1977-01-01,1977-09-01 00:00:00,,2041,True
CANADA,CA -9   ,BRUCE-2,PHWR ,CANDU 791,2620,830,777,BRUCEPOW,OH/AECL,68.8,69.3,1970-12-01,1976-09-01,1977-09-01 00:00:00,,2101,True
CHINA,CN -1   ,QINSHAN-1,PWR  ,CNP-300,966,330,308,CNNO,CNNC,82.0,83.0,1985-03-01,1991-12-01,1994-04-01 00:00:00,,2466,True
CHINA,CN -10  ,TIANWAN-1,PWR  ,VVER V-428,3000,1060,990,JNPC,IZ,86.6,86.8,1999-10-01,2006-05-01,2007-05-01 00:00:00,,2404,True
CHINA,CN -11  ,TIANWAN-2,PWR  ,VVER V-428,3000,1060,990,JNPC,IZ,89.2,89.3,2000-09-01,2007-05-01,2007-08-01 00:00:00,,2433,True
CHINA,CN -12  ,LING AO-3,PWR  ,CPR-1000,2905,1086,1007,DNMC,DEC,88.1,88.3,2005-12-01,2010-07-01,2010-09-01 00:00:00,,1673,True
CHINA,CN -13  ,LING AO-4,PWR  ,CPR-1000,2905,1086,1007,DNMC,DEC,90.1,90.4,2006-06-01,2011-05-01,2011-08-01 00:00:00,,1795,True
CHINA,CN -14  ,QINSHAN 2-3,PWR  ,CNP-600,1930,660,619,NPQJVC,CNNC,90.9,91.0,2006-04-01,2010-08-01,2010-10-01 00:00:00,,1583,True
CHINA,CN -15  ,QINSHAN 2-4,PWR  ,CNP-600,1930,660,619,NPQJVC,CNNC,91.4,91.5,2007-01-01,2011-11-01,2011-12-01 00:00:00,,1765,True
CHINA,CN -16  ,HONGYANHE-1,PWR  ,CPR-1000,2905,1119,1061,LHNPC,DEC,87.7,88.6,2007-08-01,2013-02-01,2013-06-01 00:00:00,,2011,True
CHINA,CN -17  ,HONGYANHE-2,PWR  ,CPR-1000,2905,1119,1061,LHNPC,DEC,85.6,86.6,2008-03-01,2013-11-01,2014-05-01 00:00:00,,2071,True
CHINA,CN -18  ,NINGDE-1,PWR  ,CPR-1000,2905,1089,1018,NDNP,DEC,87.3,87.4,2008-02-01,2012-12-01,2013-04-01 00:00:00,,1765,True
CHINA,CN -19  ,NINGDE-2,PWR  ,CPR-1000,2905,1089,1018,NDNP,SHE,91.8,91.8,2008-11-01,2014-01-01,2014-05-01 00:00:00,,1887,True
CHINA,CN -2   ,DAYA BAY-1,PWR  ,M310,2905,984,944,DNMC,FRAM,86.5,88.9,1987-08-01,1993-08-01,1994-02-01 00:00:00,,2192,True
CHINA,CN -20  ,FUQING-1,PWR  ,CNP-1000,2905,1089,1000,FQNP,NPIC,89.7,89.9,2008-11-01,2014-08-01,2014-11-01 00:00:00,,2099,True
CHINA,CN -21  ,FUQING-2,PWR  ,CNP-1000,2905,1089,1000,FQNP,NPIC,89.0,89.2,2009-06-01,2015-08-01,2015-10-01 00:00:00,,2252,True
CHINA,CN -22  ,YANGJIANG-1,PWR  ,CPR-1000,2905,1086,1000,YJNPC,CFHI,90.6,90.7,2008-12-01,2013-12-01,2014-03-01 00:00:00,,1826,True
CHINA,CN -23  ,YANGJIANG-2,PWR  ,CPR-1000,2905,1086,1000,YJNPC,CFHI,89.9,90.0,2009-06-01,2015-03-01,2015-06-01 00:00:00,,2099,True
CHINA,CN -24  ,FANGJIASHAN-1,PWR  ,CPR-1000,2905,1089,1012,QNPC,NPIC,90.6,91.1,2008-12-01,2014-11-01,2014-12-01 00:00:00,,2161,True
CHINA,CN -25  ,FANGJIASHAN-2,PWR  ,CPR-1000,2905,1089,1012,QNPC,NPIC,92.3,92.6,2009-07-01,2015-01-01,2015-02-01 00:00:00,,2010,True
CHINA,CN -26  ,HONGYANHE-3,PWR  ,CPR-1000,2905,1119,1061,LHNPC,DEC,89.9,91.2,2009-03-01,2015-03-01,2015-08-01 00:00:00,,2191,True
CHINA,CN -27  ,HONGYANHE-4,PWR  ,CPR-1000,2905,1119,1061,LHNPC,DEC,89.2,90.4,2009-08-01,2016-04-01,2016-06-01 00:00:00,,2435,True
CHINA,CN -28  ,SANMEN-1,PWR  ,AP-1000,3400,1251,1157,SMNPC,WH/MHI,90.4,91.3,2009-04-01,2018-06-01,2018-09-01 00:00:00,,3348,True
CHINA,CN -29  ,SANMEN-2,PWR  ,AP-1000,3400,1251,1157,SMNPC,WH/MHI,55.6,56.9,2009-12-01,2018-08-01,2018-11-01 00:00:00,,3165,True
CHINA,CN -3   ,DAYA BAY-2,PWR  ,M310,2905,984,944,DNMC,FRAM,86.1,87.2,1988-04-01,1994-02-01,1994-05-01 00:00:00,,2132,True
CHINA,CN -30  ,HAIYANG-1,PWR  ,AP-1000,3415,1250,1170,SDNPC,WH,91.3,92.0,2009-09-01,2018-08-01,2018-10-01 00:00:00,,3256,True
CHINA,CN -31  ,HAIYANG-2,PWR  ,AP-1000,3415,1250,1170,SDNPC,WH,93.4,94.2,2010-06-01,2018-10-01,2019-01-01 00:00:00,,3044,True
CHINA,CN -32  ,TAISHAN-1,PWR  ,EPR-1750,4590,1750,1660,TNPJVC,ORANO,80.8,81.3,2009-11-01,2018-06-01,2018-12-01 00:00:00,,3134,True
CHINA,CN -33  ,TAISHAN-2,PWR  ,EPR-1750,4590,1750,1660,TNPJVC,ORANO,0.0,0.0,2010-04-01,2019-06-01,,,3348,True
CHINA,CN -34  ,NINGDE-3,PWR  ,CPR-1000,2905,1089,1018,NDNP,CFHI,91.5,91.5,2010-01-01,2015-03-01,2015-06-01 00:00:00,,1885,True
CHINA,CN -35  ,NINGDE-4,PWR  ,CPR-1000,2905,1089,1018,NDNP,CFHI,91.9,91.9,2010-09-01,2016-03-01,2016-07-01 00:00:00,,2008,True
CHINA,CN -36  ,CHANGJIANG-1,PWR  ,CNP-600,1930,650,601,HNPC,DEC,88.1,88.1,2010-04-01,2015-11-01,2015-12-01 00:00:00,,2040,True
CHINA,CN -37  ,CHANGJIANG-2,PWR  ,CNP-600,1930,650,601,HNPC,DEC,88.5,88.5,2010-11-01,2016-06-01,2016-08-01 00:00:00,,2039,True
CHINA,CN -38  ,FANGCHENGGANG-1,PWR  ,CPR-1000,2905,1086,1000,GFNPC,DEC,91.5,91.6,2010-07-01,2015-10-01,2016-01-01 00:00:00,,1918,True
CHINA,CN -39  ,FANGCHENGGANG-2,PWR  ,CPR-1000,2905,1086,1000,GFNPC,DEC,91.6,91.6,2010-12-01,2016-07-01,2016-10-01 00:00:00,,2039,True
CHINA,CN -4   ,QINSHAN 2-1,PWR  ,CNP-600,1930,650,610,NPQJVC,CNNC,84.0,84.0,1996-06-01,2002-02-01,2002-04-01 00:00:00,,2071,True
CHINA,CN -40  ,YANGJIANG-3,PWR  ,CPR-1000,2905,1086,1000,YJNPC,CFHI,91.0,91.3,2010-11-01,2015-10-01,2016-01-01 00:00:00,,1795,True
CHINA,CN -41  ,YANGJIANG-4,PWR  ,CPR-1000,2905,1086,1000,YJNPC,CFHI,90.7,90.9,2012-11-01,2017-01-01,2017-03-01 00:00:00,,1522,True
CHINA,CN -42  ,FUQING-3,PWR  ,CNP-1000,2905,1089,1000,FQNP,NPIC,89.1,89.4,2010-12-01,2016-09-01,2016-10-01 00:00:00,,2101,True
CHINA,CN -43  ,FUQING-4,PWR  ,CNP-1000,2905,1089,1000,FQNP,NPIC,88.0,88.3,2012-11-01,2017-07-01,2017-09-01 00:00:00,,1703,True
CHINA,CN -45  ,TIANWAN-3,PWR  ,VVER V-428M,3000,1126,1045,JNPC,IZ,87.5,87.9,2012-12-01,2017-12-01,2018-02-01 00:00:00,,1826,True
CHINA,CN -46  ,TIANWAN-4,PWR  ,VVER V-428M,3000,1126,1045,JNPC,IZ,89.9,90.0,2013-09-01,2018-10-01,2018-12-01 00:00:00,,1856,True
CHINA,CN -47  ,YANGJIANG-5,PWR  ,ACPR-1000,2905,1086,1000,YJNPC,CFHI,90.6,90.9,2013-09-01,2018-05-01,2018-07-01 00:00:00,,1703,True
CHINA,CN -48  ,YANGJIANG-6,PWR  ,ACPR-1000,2905,1086,1000,YJNPC,CFHI,87.6,87.6,2013-12-01,2019-06-01,2019-07-01 00:00:00,,2008,True
CHINA,CN -5   ,QINSHAN 2-2,PWR  ,CNP-600,1930,650,610,NPQJVC,CNNC,88.3,88.4,1997-04-01,2004-03-01,2004-05-01 00:00:00,,2526,True
CHINA,CN -51  ,FUQING-5,PWR  ,HPR1000,3060,1150,1000,FQNP,NPIC,0.0,0.0,2015-05-01,2020-11-01,2021-01-01 00:00:00,,2011,True
CHINA,CN -53  ,TIANWAN-5,PWR  ,CNP-1000,2905,1118,1000,JNPC,SHE,93.3,93.3,2015-12-01,2020-08-01,2020-09-01 00:00:00,,1705,True
CHINA,CN -6   ,LING AO-1,PWR  ,M310,2905,990,950,DNMC,FRAM,89.9,90.2,1997-05-01,2002-02-01,2002-05-01 00:00:00,,1737,True
CHINA,CN -7   ,LING AO-2,PWR  ,M310,2905,990,950,DNMC,FRAM,90.1,90.3,1997-11-01,2002-09-01,2003-01-01 00:00:00,,1765,True
CHINA,CN -8   ,QINSHAN 3-1,PHWR ,CANDU 6,2064,728,677,TQNPC,AECL,89.7,90.2,1998-06-01,2002-11-01,2002-12-01 00:00:00,,1614,True
CHINA,CN -9   ,QINSHAN 3-2,PHWR ,CANDU 6,2064,728,677,TQNPC,AECL,91.0,91.4,1998-09-01,2003-06-01,2003-07-01 00:00:00,,1734,True
CHINA,CN -901 ,CEFR,FBR  ,BN-20,65,25,20,CIAE,IZ,0.0,0.0,2000-05-01,2011-07-01,,,4078,True
CZECH REP.,CZ -23  ,TEMELIN-1,PWR  ,VVER V-320,3120,1082,1027,CEZ,ŠKODA ,75.3,75.6,1987-02-01,2000-12-01,2002-06-01 00:00:00,,5052,True
CZECH REP.,CZ -24  ,TEMELIN-2,PWR  ,VVER V-320,3120,1082,1029,CEZ,ŠKODA ,77.5,77.7,1987-02-01,2002-12-01,2003-04-01 00:00:00,,5782,True
CZECH REP.,CZ -4   ,DUKOVANY-1,PWR  ,VVER V-213,1444,500,468,CEZ,ŠKODA ,83.0,83.9,1979-01-01,1985-02-01,1985-05-01 00:00:00,,2223,True
CZECH REP.,CZ -5   ,DUKOVANY-2,PWR  ,VVER V-213,1444,500,471,CEZ,ŠKODA ,81.6,82.5,1979-01-01,1986-01-01,1986-03-01 00:00:00,,2557,True
CZECH REP.,CZ -8   ,DUKOVANY-3,PWR  ,VVER V-213,1444,500,468,CEZ,ŠKODA ,81.2,82.7,1979-03-01,1986-11-01,1986-12-01 00:00:00,,2802,True
CZECH REP.,CZ -9   ,DUKOVANY-4,PWR  ,VVER V-213,1444,500,471,CEZ,ŠKODA ,83.5,84.4,1979-03-01,1987-06-01,1987-07-01 00:00:00,,3014,True
FINLAND,FI -1   ,LOVIISA-1,PWR  ,VVER V-213,1500,531,507,FORTUMPH,AEE,87.9,88.5,1971-05-01,1977-02-01,1977-05-01 00:00:00,,2103,True
FINLAND,FI -2   ,LOVIISA-2,PWR  ,VVER V-213,1500,531,507,FORTUMPH,AEE,89.4,90.2,1972-08-01,1980-11-01,1981-01-01 00:00:00,,3014,True
FINLAND,FI -3   ,OLKILUOTO-1,BWR  ,"AA-III, BWR-25",2500,920,890,TVO,ASEASTAL,92.7,93.2,1974-02-01,1978-09-01,1979-10-01 00:00:00,,1673,True
FINLAND,FI -4   ,OLKILUOTO-2,BWR  ,"AA-III, BWR-25",2500,920,890,TVO,ASEASTAL,93.1,93.7,1975-11-01,1980-02-01,1982-07-01 00:00:00,,1553,True
FRANCE,FR -13  ,BUGEY-2,PWR  ,CP0,2785,945,910,EDF,FRAM,71.9,74.2,1972-11-01,1978-05-01,1979-03-01 00:00:00,,2007,True
FRANCE,FR -14  ,BUGEY-3,PWR  ,CP0,2785,945,910,EDF,FRAM,70.7,73.2,1973-09-01,1978-09-01,1979-03-01 00:00:00,,1826,True
FRANCE,FR -15  ,BUGEY-4,PWR  ,CP0,2785,917,880,EDF,FRAM,74.9,76.9,1974-06-01,1979-03-01,1979-07-01 00:00:00,,1734,True
FRANCE,FR -16  ,BUGEY-5,PWR  ,CP0,2785,917,880,EDF,FRAM,72.9,75.2,1974-07-01,1979-07-01,1980-01-01 00:00:00,,1826,True
FRANCE,FR -17  ,ST. LAURENT B-1,PWR  ,CP2,2785,956,915,EDF,FRAM,75.9,78.1,1976-05-01,1981-01-01,1983-08-01 00:00:00,,1706,True
FRANCE,FR -18  ,TRICASTIN-1,PWR  ,CP1,2785,955,915,EDF,FRAM,75.1,77.9,1974-11-01,1980-05-01,1980-12-01 00:00:00,,2008,True
FRANCE,FR -19  ,TRICASTIN-2,PWR  ,CP1,2785,955,915,EDF,FRAM,75.6,79.1,1974-12-01,1980-08-01,1980-12-01 00:00:00,,2070,True
FRANCE,FR -20  ,GRAVELINES-1,PWR  ,CP1,2785,951,910,EDF,FRAM,74.5,76.4,1975-02-01,1980-03-01,1980-11-01 00:00:00,,1855,True
FRANCE,FR -21  ,GRAVELINES-2,PWR  ,CP1,2785,951,910,EDF,FRAM,77.2,79.5,1975-03-01,1980-08-01,1980-12-01 00:00:00,,1980,True
FRANCE,FR -22  ,DAMPIERRE-1,PWR  ,CP1,2785,937,890,EDF,FRAM,76.0,78.5,1975-02-01,1980-03-01,1980-09-01 00:00:00,,1855,True
FRANCE,FR -23  ,ST. LAURENT B-2,PWR  ,CP2,2785,956,915,EDF,FRAM,75.3,77.7,1976-07-01,1981-06-01,1983-08-01 00:00:00,,1796,True
FRANCE,FR -25  ,TRICASTIN-3,PWR  ,CP1,2785,955,915,EDF,FRAM,76.7,80.3,1975-04-01,1981-02-01,1981-05-01 00:00:00,,2133,True
FRANCE,FR -26  ,TRICASTIN-4,PWR  ,CP1,2785,955,915,EDF,FRAM,78.6,81.2,1975-05-01,1981-06-01,1981-11-01 00:00:00,,2223,True
FRANCE,FR -27  ,GRAVELINES-3,PWR  ,CP1,2785,951,910,EDF,FRAM,77.3,78.8,1975-12-01,1980-12-01,1981-06-01 00:00:00,,1827,True
FRANCE,FR -28  ,GRAVELINES-4,PWR  ,CP1,2785,951,910,EDF,FRAM,78.7,80.2,1976-04-01,1981-06-01,1981-10-01 00:00:00,,1887,True
FRANCE,FR -29  ,DAMPIERRE-2,PWR  ,CP1,2785,937,890,EDF,FRAM,77.0,78.7,1975-04-01,1980-12-01,1981-02-01 00:00:00,,2071,True
FRANCE,FR -30  ,DAMPIERRE-3,PWR  ,CP1,2785,937,890,EDF,FRAM,78.0,79.8,1975-09-01,1981-01-01,1981-05-01 00:00:00,,1949,True
FRANCE,FR -31  ,DAMPIERRE-4,PWR  ,CP1,2785,937,890,EDF,FRAM,75.5,77.9,1975-12-01,1981-08-01,1981-11-01 00:00:00,,2070,True
FRANCE,FR -32  ,BLAYAIS-1,PWR  ,CP1,2785,951,910,EDF,FRAM,76.5,79.4,1977-01-01,1981-06-01,1981-12-01 00:00:00,,1612,True
FRANCE,FR -33  ,BLAYAIS-2,PWR  ,CP1,2785,951,910,EDF,FRAM,80.4,82.5,1977-01-01,1982-07-01,1983-02-01 00:00:00,,2007,True
FRANCE,FR -34  ,BLAYAIS-3,PWR  ,CP1,2785,951,910,EDF,FRAM,78.7,80.6,1978-04-01,1983-08-01,1983-11-01 00:00:00,,1948,True
FRANCE,FR -35  ,BLAYAIS-4,PWR  ,CP1,2785,951,910,EDF,FRAM,78.8,81.2,1978-04-01,1983-05-01,1983-10-01 00:00:00,,1856,True
FRANCE,FR -36  ,PALUEL-1,PWR  ,P4 REP 1300,3817,1382,1330,EDF,FRAM,76.3,79.0,1977-08-01,1984-06-01,1985-12-01 00:00:00,,2496,True
FRANCE,FR -37  ,PALUEL-2,PWR  ,P4 REP 1300,3817,1382,1330,EDF,FRAM,66.9,68.9,1978-01-01,1984-09-01,1985-12-01 00:00:00,,2435,True
FRANCE,FR -38  ,PALUEL-3,PWR  ,P4 REP 1300,3817,1382,1330,EDF,FRAM,71.6,74.1,1979-02-01,1985-09-01,1986-02-01 00:00:00,,2404,True
FRANCE,FR -39  ,PALUEL-4,PWR  ,P4 REP 1300,3817,1382,1330,EDF,FRAM,76.2,78.4,1980-02-01,1986-04-01,1986-06-01 00:00:00,,2251,True
FRANCE,FR -40  ,CHINON B-1,PWR  ,CP2,2785,954,905,EDF,FRAM,76.4,78.3,1977-03-01,1982-11-01,1984-02-01 00:00:00,,2071,True
FRANCE,FR -41  ,CHINON B-2,PWR  ,CP2,2785,954,905,EDF,FRAM,76.7,78.7,1977-03-01,1983-11-01,1984-08-01 00:00:00,,2436,True
FRANCE,FR -42  ,CRUAS-1,PWR  ,CP2,2785,956,915,EDF,FRAM,76.8,79.3,1978-08-01,1983-04-01,1984-04-01 00:00:00,,1704,True
FRANCE,FR -43  ,CRUAS-2,PWR  ,CP2,2785,956,915,EDF,FRAM,77.3,80.4,1978-11-01,1984-09-01,1985-04-01 00:00:00,,2131,True
FRANCE,FR -44  ,CRUAS-3,PWR  ,CP2,2785,956,915,EDF,FRAM,77.0,80.5,1979-04-01,1984-05-01,1984-09-01 00:00:00,,1857,True
FRANCE,FR -45  ,CRUAS-4,PWR  ,CP2,2785,956,915,EDF,FRAM,75.7,78.2,1979-10-01,1984-10-01,1985-02-01 00:00:00,,1827,True
FRANCE,FR -46  ,FLAMANVILLE-1,PWR  ,P4 REP 1300,3817,1382,1330,EDF,FRAM,69.8,72.5,1979-12-01,1985-12-01,1986-12-01 00:00:00,,2192,True
FRANCE,FR -47  ,FLAMANVILLE-2,PWR  ,P4 REP 1300,3817,1382,1330,EDF,FRAM,73.1,75.1,1980-05-01,1986-07-01,1987-03-01 00:00:00,,2252,True
FRANCE,FR -48  ,ST. ALBAN-1,PWR  ,P4 REP 1300,3817,1381,1335,EDF,FRAM,74.7,77.1,1979-01-01,1985-08-01,1986-05-01 00:00:00,,2404,True
FRANCE,FR -49  ,ST. ALBAN-2,PWR  ,P4 REP 1300,3817,1381,1335,EDF,FRAM,75.4,78.2,1979-07-01,1986-07-01,1987-03-01 00:00:00,,2557,True
FRANCE,FR -50  ,CATTENOM-1,PWR  ,P4 REP 1300,3817,1362,1300,EDF,FRAM,73.3,75.1,1979-10-01,1986-11-01,1987-04-01 00:00:00,,2588,True
FRANCE,FR -51  ,GRAVELINES-5,PWR  ,CP1,2785,951,910,EDF,FRAM,76.6,78.3,1979-10-01,1984-08-01,1985-01-01 00:00:00,,1766,True
FRANCE,FR -52  ,GRAVELINES-6,PWR  ,CP1,2785,951,910,EDF,FRAM,78.7,80.3,1979-10-01,1985-08-01,1985-10-01 00:00:00,,2131,True
FRANCE,FR -53  ,CATTENOM-2,PWR  ,P4 REP 1300,3817,1362,1300,EDF,FRAM,77.0,79.3,1980-07-01,1987-09-01,1988-02-01 00:00:00,,2618,True
FRANCE,FR -54  ,BELLEVILLE-1,PWR  ,P4 REP 1300,3817,1363,1310,EDF,FRAM,75.5,77.0,1980-05-01,1987-10-01,1988-06-01 00:00:00,,2709,True
FRANCE,FR -55  ,BELLEVILLE-2,PWR  ,P4 REP 1300,3817,1363,1310,EDF,FRAM,77.1,78.9,1980-08-01,1988-07-01,1989-01-01 00:00:00,,2891,True
FRANCE,FR -56  ,CHINON B-3,PWR  ,CP2,2785,954,905,EDF,FRAM,77.9,79.6,1980-10-01,1986-10-01,1987-03-01 00:00:00,,2191,True
FRANCE,FR -57  ,CHINON B-4,PWR  ,CP2,2785,954,905,EDF,FRAM,78.3,80.2,1981-02-01,1987-11-01,1988-04-01 00:00:00,,2464,True
FRANCE,FR -58  ,NOGENT-1,PWR  ,P4 REP 1300,3817,1363,1310,EDF,FRAM,77.6,79.6,1981-05-01,1987-10-01,1988-02-01 00:00:00,,2344,True
FRANCE,FR -59  ,NOGENT-2,PWR  ,P4 REP 1300,3817,1363,1310,EDF,FRAM,79.9,82.2,1982-01-01,1988-12-01,1989-05-01 00:00:00,,2526,True
FRANCE,FR -60  ,CATTENOM-3,PWR  ,P4 REP 1300,3817,1362,1300,EDF,FRAM,79.2,81.4,1982-06-01,1990-07-01,1991-02-01 00:00:00,,2952,True
FRANCE,FR -61  ,GOLFECH-1,PWR  ,P4 REP 1300,3817,1363,1310,EDF,FRAM,82.5,85.4,1982-11-01,1990-06-01,1991-02-01 00:00:00,,2769,True
FRANCE,FR -62  ,CHOOZ B-1,PWR  ,N4 REP 1450,4270,1560,1500,EDF,FRAM,78.0,81.1,1984-01-01,1996-08-01,2000-05-01 00:00:00,,4596,True
FRANCE,FR -63  ,PENLY-1,PWR  ,P4 REP 1300,3817,1382,1330,EDF,FRAM,80.7,82.1,1982-09-01,1990-05-01,1990-12-01 00:00:00,,2799,True
FRANCE,FR -64  ,PENLY-2,PWR  ,P4 REP 1300,3817,1382,1330,EDF,FRAM,82.3,83.6,1984-08-01,1992-02-01,1992-11-01 00:00:00,,2740,True
FRANCE,FR -65  ,CATTENOM-4,PWR  ,P4 REP 1300,3817,1362,1300,EDF,FRAM,81.3,83.8,1983-09-01,1991-05-01,1992-01-01 00:00:00,,2799,True
FRANCE,FR -68  ,GOLFECH-2,PWR  ,P4 REP 1300,3817,1363,1310,EDF,FRAM,83.9,85.6,1984-10-01,1993-06-01,1994-03-01 00:00:00,,3165,True
FRANCE,FR -70  ,CHOOZ B-2,PWR  ,N4 REP 1450,4270,1560,1500,EDF,FRAM,77.9,83.5,1985-12-01,1997-04-01,2000-09-01 00:00:00,,4139,True
FRANCE,FR -72  ,CIVAUX-1,PWR  ,N4 REP 1450,4270,1561,1495,EDF,FRAM,75.9,78.8,1988-10-01,1997-12-01,2002-01-01 00:00:00,,3348,True
FRANCE,FR -73  ,CIVAUX-2,PWR  ,N4 REP 1450,4270,1561,1495,EDF,FRAM,78.4,83.4,1991-04-01,1999-12-01,2002-04-01 00:00:00,,3166,True
GERMANY,DE -27  ,GROHNDE,PWR  ,PWR,3900,1430,1360,PElektra,KWU,90.3,90.8,1976-06-01,1984-09-01,1985-02-01 00:00:00,,3014,True
GERMANY,DE -28  ,GUNDREMMINGEN-C,BWR  ,BWR-72,3840,1344,1288,KGG,KWU,86.9,87.4,1976-07-01,1984-11-01,1985-01-01 00:00:00,,3045,True
GERMANY,DE -31  ,ISAR-2,PWR  ,Konvoi,3950,1485,1410,PElektra,KWU,92.3,92.6,1982-09-01,1988-01-01,1988-04-01 00:00:00,,1948,True
GERMANY,DE -32  ,BROKDORF,PWR  ,PWR,3900,1480,1410,PElektra,KWU,88.4,88.6,1976-01-01,1986-10-01,1986-12-01 00:00:00,,3926,True
GERMANY,DE -33  ,EMSLAND,PWR  ,Konvoi,3850,1406,1335,KLE,KWU,93.3,93.5,1982-08-01,1988-04-01,1988-06-01 00:00:00,,2070,True
GERMANY,DE -44  ,NECKARWESTHEIM-2,PWR  ,Konvoi,3850,1400,1310,EnKK,KWU,92.3,92.6,1982-11-01,1989-01-01,1989-04-01 00:00:00,,2253,True
HUNGARY,HU -1   ,PAKS-1,PWR  ,VVER V-213,1485,500,479,PAKS Zrt,AEE,86.8,86.9,1974-08-01,1982-12-01,1983-08-01 00:00:00,,3044,True
HUNGARY,HU -2   ,PAKS-2,PWR  ,VVER V-213,1485,500,477,PAKS Zrt,AEE,82.8,83.0,1974-08-01,1984-09-01,1984-11-01 00:00:00,,3684,True
HUNGARY,HU -3   ,PAKS-3,PWR  ,VVER V-213,1485,500,473,PAKS Zrt,AEE,87.1,87.5,1979-10-01,1986-09-01,1986-12-01 00:00:00,,2527,True
HUNGARY,HU -4   ,PAKS-4,PWR  ,VVER V-213,1485,500,473,PAKS Zrt,AEE,88.3,88.6,1979-10-01,1987-08-01,1987-11-01 00:00:00,,2861,True
INDIA,IN -1   ,TARAPUR-1,BWR  ,BWR-1 (Mark 2),530,160,150,NPCIL,GE,66.3,67.0,1964-10-01,1969-04-01,1969-10-01 00:00:00,,1643,True
INDIA,IN -10  ,KAKRAPAR-2,PHWR ,Horizontal Pre,801,220,202,NPCIL,NPCIL,69.8,78.8,1985-04-01,1995-03-01,1995-09-01 00:00:00,,3621,True
INDIA,IN -11  ,RAJASTHAN-3,PHWR ,Horizontal Pre,801,220,202,NPCIL,NPCIL,80.7,90.6,1990-02-01,2000-03-01,2000-06-01 00:00:00,,3681,True
INDIA,IN -12  ,RAJASTHAN-4,PHWR ,Horizontal Pre,801,220,202,NPCIL,NPCIL,82.1,91.6,1990-10-01,2000-11-01,2000-12-01 00:00:00,,3684,True
INDIA,IN -13  ,KAIGA-1,PHWR ,Horizontal Pre,801,220,202,NPCIL,NPCIL,77.2,92.1,1989-09-01,2000-10-01,2000-11-01 00:00:00,,4048,True
INDIA,IN -14  ,KAIGA-2,PHWR ,Horizontal Pre,801,220,202,NPCIL,NPCIL,76.2,90.8,1989-12-01,1999-12-01,2000-03-01 00:00:00,,3652,True
INDIA,IN -15  ,KAIGA-3,PHWR ,Horizontal Pre,800,220,202,NPCIL,NPCIL,70.8,83.2,2002-03-01,2007-04-01,2007-05-01 00:00:00,,1857,True
INDIA,IN -16  ,KAIGA-4,PHWR ,Horizontal Pre,800,220,202,NPCIL,NPCIL,84.9,91.0,2002-05-01,2011-01-01,2011-01-01 00:00:00,,3167,True
INDIA,IN -19  ,RAJASTHAN-5,PHWR ,Horizontal Pre,801,220,202,NPCIL,NPCIL,91.7,91.9,2002-09-01,2009-12-01,2010-02-01 00:00:00,,2648,True
INDIA,IN -2   ,TARAPUR-2,BWR  ,BWR-1 (Mark 2),530,160,150,NPCIL,GE,67.0,67.8,1964-10-01,1969-05-01,1969-10-01 00:00:00,,1673,True
INDIA,IN -20  ,RAJASTHAN-6,PHWR ,Horizontal Pre,801,220,202,NPCIL,NPCIL,79.9,80.1,2003-01-01,2010-03-01,2010-03-01 00:00:00,,2616,True
INDIA,IN -23  ,TARAPUR-3,PHWR ,Horizontal Pre,1730,540,490,NPCIL,NPCIL,78.4,88.4,2000-05-01,2006-06-01,2006-08-01 00:00:00,,2222,True
INDIA,IN -24  ,TARAPUR-4,PHWR ,Horizontal Pre,1730,540,490,NPCIL,NPCIL,71.5,84.9,2000-03-01,2005-06-01,2005-09-01 00:00:00,,1918,True
INDIA,IN -25  ,KUDANKULAM-1,PWR  ,VVER V-412,3000,1000,932,NPCIL,MAEP,53.6,55.3,2002-03-01,2013-10-01,2014-12-01 00:00:00,,4232,True
INDIA,IN -26  ,KUDANKULAM-2,PWR  ,VVER V-412,3000,1000,932,NPCIL,MAEP,52.6,52.6,2002-07-01,2016-08-01,2017-03-01 00:00:00,,5145,True
INDIA,IN -3   ,RAJASTHAN-1,PHWR ,Horizontal Pre,346,100,90,NPCIL,AECL,20.2,21.0,1965-08-01,1972-11-01,1973-12-01 00:00:00,,2649,True
INDIA,IN -4   ,RAJASTHAN-2,PHWR ,Horizontal Pre,693,200,187,NPCIL,AECL/DAE,59.2,62.6,1968-04-01,1980-11-01,1981-04-01 00:00:00,,4597,True
INDIA,IN -5   ,MADRAS-1,PHWR ,Horizontal Pre,801,220,205,NPCIL,NPCIL,52.8,62.1,1971-01-01,1983-07-01,1984-01-01 00:00:00,,4564,True
INDIA,IN -6   ,MADRAS-2,PHWR ,Horizontal Pre,801,220,205,NPCIL,NPCIL,62.8,74.2,1972-10-01,1985-09-01,1986-03-01 00:00:00,,4718,True
INDIA,IN -7   ,NARORA-1,PHWR ,Horizontal Pre,801,220,202,NPCIL,NPCIL,62.5,73.5,1976-12-01,1989-07-01,1991-01-01 00:00:00,,4595,True
INDIA,IN -8   ,NARORA-2,PHWR ,Horizontal Pre,801,220,202,NPCIL,NPCIL,64.7,74.9,1977-11-01,1992-01-01,1992-07-01 00:00:00,,5174,True
INDIA,IN -9   ,KAKRAPAR-1,PHWR ,Horizontal Pre,801,220,202,NPCIL,NPCIL,61.1,66.1,1984-12-01,1992-11-01,1993-05-01 00:00:00,,2892,True
"IRAN,ISL.REP",IR -1   ,BUSHEHR-1,PWR  ,VVER V-446,3000,1000,915,NPPDCO,JSC ASE,71.7,72.1,1975-05-01,2011-09-01,2013-09-01 00:00:00,,13272,True
JAPAN,JP -13  ,TAKAHAMA-2,PWR  ,M (3-loop),2440,826,780,KEPCO,MHI,54.9,55.0,1971-03-01,1975-01-01,1975-11-01 00:00:00,,1402,True
JAPAN,JP -14  ,MIHAMA-3,PWR  ,M (3-loop),2440,826,780,KEPCO,MHI,55.4,55.4,1972-08-01,1976-02-01,1976-12-01 00:00:00,,1279,True
JAPAN,JP -21  ,TOKAI-2,BWR  ,BWR-5,3293,1100,1060,JAPCO,GE,55.7,56.3,1973-10-01,1978-03-01,1978-11-01 00:00:00,,1612,True
JAPAN,JP -28  ,SENDAI-1,PWR  ,M (3-loop),2660,890,846,KYUSHU,MHI,71.2,71.2,1979-12-01,1983-09-01,1984-07-01 00:00:00,,1370,True
JAPAN,JP -29  ,TAKAHAMA-3,PWR  ,M (3-loop),2660,870,830,KEPCO,MHI,70.8,70.8,1980-12-01,1984-05-01,1985-01-01 00:00:00,,1247,True
JAPAN,JP -30  ,TAKAHAMA-4,PWR  ,M (3-loop),2660,870,830,KEPCO,MHI,72.1,72.2,1981-03-01,1984-11-01,1985-06-01 00:00:00,,1341,True
JAPAN,JP -33  ,KASHIWAZAKI KARIWA-1,BWR  ,BWR-5,3293,1100,1067,TEPCO,TOSHIBA,48.3,49.1,1980-06-01,1985-02-01,1985-09-01 00:00:00,,1706,True
JAPAN,JP -34  ,TSURUGA-2,PWR  ,M (4-loop),3411,1160,1108,JAPCO,MHI,55.6,55.7,1982-11-01,1986-06-01,1987-02-01 00:00:00,,1308,True
JAPAN,JP -36  ,HAMAOKA-3,BWR  ,BWR-5,3293,1100,1056,CHUBU,TOSHIBA,54.7,54.8,1983-04-01,1987-01-01,1987-08-01 00:00:00,,1371,True
JAPAN,JP -37  ,SENDAI-2,PWR  ,M (3-loop),2660,890,846,KYUSHU,MHI,72.3,72.3,1981-10-01,1985-04-01,1985-11-01 00:00:00,,1278,True
JAPAN,JP -39  ,KASHIWAZAKI KARIWA-2,BWR  ,BWR-5,3293,1100,1067,TEPCO,TOSHIBA,41.6,41.6,1985-11-01,1990-02-01,1990-09-01 00:00:00,,1553,True
JAPAN,JP -40  ,KASHIWAZAKI KARIWA-5,BWR  ,BWR-5,3293,1100,1067,TEPCO,HITACHI,47.3,49.0,1985-06-01,1989-09-01,1990-04-01 00:00:00,,1553,True
JAPAN,JP -41  ,SHIMANE-2,BWR  ,BWR-5,2436,820,789,CHUGOKU,HITACHI,57.8,57.9,1985-02-01,1988-07-01,1989-02-01 00:00:00,,1246,True
JAPAN,JP -43  ,TOMARI-1,PWR  ,M (2-loop),1650,579,550,HEPCO,MHI,58.8,58.8,1985-04-01,1988-12-01,1989-06-01 00:00:00,,1340,True
JAPAN,JP -44  ,TOMARI-2,PWR  ,M (2-loop),1650,579,550,HEPCO,MHI,56.9,56.9,1985-06-01,1990-08-01,1991-04-01 00:00:00,,1887,True
JAPAN,JP -45  ,GENKAI-3,PWR  ,M (4-loop),3423,1180,1127,KYUSHU,MHI,61.9,61.9,1988-06-01,1993-06-01,1994-03-01 00:00:00,,1826,True
JAPAN,JP -46  ,GENKAI-4,PWR  ,M (4-loop),3423,1180,1127,KYUSHU,MHI,62.6,62.6,1992-07-01,1996-11-01,1997-07-01 00:00:00,,1584,True
JAPAN,JP -47  ,IKATA-3,PWR  ,M (3-loop),2660,890,846,SHIKOKU,MHI,66.3,66.3,1990-10-01,1994-03-01,1994-12-01 00:00:00,,1247,True
JAPAN,JP -48  ,SHIKA-1,BWR  ,BWR-5,1593,540,505,HOKURIKU,HITACHI,45.7,45.7,1989-07-01,1993-01-01,1993-07-01 00:00:00,,1280,True
JAPAN,JP -49  ,HAMAOKA-4,BWR  ,BWR-5,3293,1137,1092,CHUBU,TOSHIBA,51.7,52.1,1989-10-01,1993-01-01,1993-09-01 00:00:00,,1188,True
JAPAN,JP -50  ,OHI-3,PWR  ,M (4-loop),3423,1180,1127,KEPCO,MHI,65.1,65.1,1987-10-01,1991-06-01,1991-12-01 00:00:00,,1339,True
JAPAN,JP -51  ,OHI-4,PWR  ,M (4-loop),3423,1180,1127,KEPCO,MHI,68.6,68.6,1988-06-01,1992-06-01,1993-02-01 00:00:00,,1461,True
JAPAN,JP -52  ,KASHIWAZAKI KARIWA-3,BWR  ,BWR-5,3293,1100,1067,TEPCO,TOSHIBA,38.4,39.0,1989-03-01,1992-12-01,1993-08-01 00:00:00,,1371,True
JAPAN,JP -53  ,KASHIWAZAKI KARIWA-4,BWR  ,BWR-5,3293,1100,1067,TEPCO,HITACHI,36.6,38.4,1990-03-01,1993-12-01,1994-08-01 00:00:00,,1371,True
JAPAN,JP -54  ,ONAGAWA-2,BWR  ,BWR-5,2436,825,796,TOHOKU,TOSHIBA,44.8,48.3,1991-04-01,1994-12-01,1995-07-01 00:00:00,,1340,True
JAPAN,JP -55  ,KASHIWAZAKI KARIWA-6,BWR  ,ABWR,3926,1356,1315,TEPCO,TOSHIBA,46.1,47.8,1992-11-01,1996-01-01,1996-11-01 00:00:00,,1156,True
JAPAN,JP -56  ,KASHIWAZAKI KARIWA-7,BWR  ,ABWR,3926,1356,1315,TEPCO,HITACHI,41.7,43.3,1993-07-01,1996-12-01,1997-07-01 00:00:00,,1249,True
JAPAN,JP -57  ,ONAGAWA-3,BWR  ,BWR-5,2436,825,796,TOHOKU,TOSHIBA,32.3,35.6,1998-01-01,2001-05-01,2002-01-01 00:00:00,,1216,True
JAPAN,JP -58  ,HIGASHI DORI-1 (TOHOKU),BWR  ,BWR-5,3293,1100,1067,TOHOKU,TOSHIBA,28.3,28.4,2000-11-01,2005-03-01,2005-12-01 00:00:00,,1581,True
JAPAN,JP -59  ,SHIKA-2,BWR  ,ABWR,3926,1206,1108,HOKURIKU,HITACHI,17.4,17.4,2001-08-01,2005-07-01,2006-03-01 00:00:00,,1430,True
JAPAN,JP -60  ,HAMAOKA-5,BWR  ,ABWR,3926,1380,1325,CHUBU,TOSHIBA,18.4,21.9,2000-07-01,2004-04-01,2005-01-01 00:00:00,,1370,True
JAPAN,JP -64  ,TOMARI-3,PWR  ,M (3-loop),2660,912,866,HEPCO,MHI,19.7,19.7,2004-11-01,2009-03-01,2009-12-01 00:00:00,,1581,True
JAPAN,JP -8   ,TAKAHAMA-1,PWR  ,M (3-loop),2440,826,780,KEPCO,WH/MHI,54.5,54.5,1970-04-01,1974-03-01,1974-11-01 00:00:00,,1430,True
"KOREA,REP.OF",KR -10  ,HANUL-2,PWR  ,France CPI,2775,1010,967,KHNP,FRAM,86.8,87.0,1983-07-01,1989-04-01,1989-09-01 00:00:00,,2101,True
"KOREA,REP.OF",KR -11  ,HANBIT-3,PWR  ,OPR-1000,2825,1039,986,KHNP,DHICKAEC,77.5,77.7,1989-12-01,1994-10-01,1995-03-01 00:00:00,,1765,True
"KOREA,REP.OF",KR -12  ,HANBIT-4,PWR  ,OPR-1000,2825,1022,970,KHNP,DHICKAEC,75.7,75.9,1990-05-01,1995-07-01,1996-01-01 00:00:00,,1887,True
"KOREA,REP.OF",KR -13  ,HANUL-3,PWR  ,OPR-1000,2825,1051,997,KHNP,DHICKOPC,85.8,86.0,1993-07-01,1998-01-01,1998-08-01 00:00:00,,1645,True
"KOREA,REP.OF",KR -14  ,HANUL-4,PWR  ,OPR-1000,2825,1052,999,KHNP,DHICKOPC,80.8,80.9,1993-11-01,1998-12-01,1999-12-01 00:00:00,,1856,True
"KOREA,REP.OF",KR -15  ,WOLSONG-3,PHWR ,CANDU 6,2061,630,627,KHNP,AECL/DHI,85.3,86.6,1994-03-01,1998-03-01,1998-07-01 00:00:00,,1461,True
"KOREA,REP.OF",KR -16  ,WOLSONG-4,PHWR ,CANDU 6,2061,597,600,KHNP,AECL/DHI,90.6,91.4,1994-07-01,1999-05-01,1999-10-01 00:00:00,,1765,True
"KOREA,REP.OF",KR -17  ,HANBIT-5,PWR  ,OPR-1000,2825,1050,992,KHNP,DHICKOPC,84.0,84.2,1997-06-01,2001-12-01,2002-05-01 00:00:00,,1644,True
"KOREA,REP.OF",KR -18  ,HANBIT-6,PWR  ,OPR-1000,2825,1053,993,KHNP,DHICKOPC,86.7,87.0,1997-11-01,2002-09-01,2002-12-01 00:00:00,,1765,True
"KOREA,REP.OF",KR -19  ,HANUL-5,PWR  ,OPR-1000,2825,1048,998,KHNP,DHICKOPC,89.3,89.5,1999-10-01,2003-12-01,2004-07-01 00:00:00,,1522,True
"KOREA,REP.OF",KR -2   ,KORI-2,PWR  ,WH F,1882,681,640,KHNP,WH,84.1,84.5,1977-12-01,1983-04-01,1983-07-01 00:00:00,,1947,True
"KOREA,REP.OF",KR -20  ,HANUL-6,PWR  ,OPR-1000,2825,1049,997,KHNP,DHICKOPC,88.3,88.5,2000-09-01,2005-01-01,2005-04-01 00:00:00,,1583,True
"KOREA,REP.OF",KR -21  ,SHIN-KORI-1,PWR  ,OPR-1000,2825,1046,996,KHNP,DHICKOPC,73.8,75.0,2006-06-01,2010-08-01,2011-02-01 00:00:00,,1522,True
"KOREA,REP.OF",KR -22  ,SHIN-KORI-2,PWR  ,OPR-1000,2825,1048,996,KHNP,DHICKOPC,81.7,82.9,2007-06-01,2012-01-01,2012-07-01 00:00:00,,1675,True
"KOREA,REP.OF",KR -23  ,SHIN-WOLSONG-1,PWR  ,OPR-1000,2825,1048,997,KHNP,DHICKOPC,82.5,82.7,2007-11-01,2012-01-01,2012-07-01 00:00:00,,1522,True
"KOREA,REP.OF",KR -24  ,SHIN-WOLSONG-2,PWR  ,OPR-1000,2825,1052,993,KHNP,DHICKOPC,82.6,82.7,2008-09-01,2015-02-01,2015-07-01 00:00:00,,2344,True
"KOREA,REP.OF",KR -25  ,SHIN-KORI-3,PWR  ,APR-1400,3983,1488,1416,KHNP,DHICKOPC,76.3,76.5,2008-10-01,2016-01-01,2016-12-01 00:00:00,,2648,True
"KOREA,REP.OF",KR -26  ,SHIN-KORI-4,PWR  ,APR-1400,3983,1494,1418,KHNP,DHICKOPC,82.5,82.6,2009-08-01,2019-04-01,2019-08-01 00:00:00,,3530,True
"KOREA,REP.OF",KR -4   ,WOLSONG-2,PHWR ,CANDU 6,2061,605,596,KHNP,AECL/DHI,89.4,90.6,1992-09-01,1997-04-01,1997-07-01 00:00:00,,1673,True
"KOREA,REP.OF",KR -5   ,KORI-3,PWR  ,WH F,2912,1045,1011,KHNP,WH,82.8,83.1,1979-10-01,1985-01-01,1985-09-01 00:00:00,,1919,True
"KOREA,REP.OF",KR -6   ,KORI-4,PWR  ,WH F,2912,1046,1012,KHNP,WH,84.2,84.6,1980-04-01,1985-12-01,1986-04-01 00:00:00,,2070,True
"KOREA,REP.OF",KR -7   ,HANBIT-1,PWR  ,WH F,2787,1026,995,KHNP,WH,84.6,84.8,1981-06-01,1986-03-01,1986-08-01 00:00:00,,1734,True
"KOREA,REP.OF",KR -8   ,HANBIT-2,PWR  ,WH F,2787,1026,988,KHNP,WH,83.0,83.1,1981-12-01,1986-11-01,1987-06-01 00:00:00,,1796,True
"KOREA,REP.OF",KR -9   ,HANUL-1,PWR  ,France CPI,2775,1010,966,KHNP,FRAM,85.3,85.5,1983-01-01,1988-04-01,1988-09-01 00:00:00,,1917,True
MEXICO,MX -1   ,LAGUNA VERDE-1,BWR  ,BWR-5,2317,805,777,CFE,GE,80.0,81.4,1976-10-01,1989-04-01,1990-07-01 00:00:00,,4565,True
MEXICO,MX -2   ,LAGUNA VERDE-2,BWR  ,BWR-5,2317,803,775,CFE,GE,83.1,84.1,1977-06-01,1994-11-01,1995-04-01 00:00:00,,6362,True
NETHERLANDS,NL -2   ,BORSSELE,PWR  ,KWU 2LP,1366,515,482,EPZ,S/KWU,84.8,85.3,1969-07-01,1973-07-01,1973-10-01 00:00:00,,1461,True
PAKISTAN,PK -1   ,KANUPP-1,PHWR ,CANDU-137 MW,337,100,90,PAEC,CGE,31.8,32.7,1966-08-01,1971-10-01,1972-12-01 00:00:00,,1887,True
PAKISTAN,PK -2   ,CHASNUPP-1,PWR  ,CNP-300,999,325,300,PAEC,CNNC,77.6,78.0,1993-08-01,2000-06-01,2000-09-01 00:00:00,,2496,True
PAKISTAN,PK -3   ,CHASNUPP-2,PWR  ,CNP-300,999,325,300,PAEC,CNNC,85.0,85.3,2005-12-01,2011-03-01,2011-05-01 00:00:00,,1916,True
PAKISTAN,PK -4   ,CHASNUPP-3,PWR  ,CNP-300,999,340,315,PAEC,CNNC,87.3,88.1,2011-05-01,2016-10-01,2016-12-01 00:00:00,,1980,True
PAKISTAN,PK -5   ,CHASNUPP-4,PWR  ,CNP-300,999,340,313,PAEC,CNNC,89.8,90.5,2011-12-01,2017-06-01,2017-09-01 00:00:00,,2009,True
ROMANIA,RO -1   ,CERNAVODA-1,PHWR ,CANDU 6,2180,706,650,SNN,AECL,89.6,90.7,1983-03-01,1996-07-01,1996-12-01 00:00:00,,4871,True
ROMANIA,RO -2   ,CERNAVODA-2,PHWR ,CANDU 6,2180,705,650,SNN,AECL,94.1,95.0,1983-07-01,2007-08-01,2007-11-01 00:00:00,,8797,True
RUSSIA,RU -11  ,NOVOVORONEZH-4,PWR  ,VVER V-179,1375,417,385,REA,AEM,78.0,79.3,1967-07-01,1972-12-01,1973-03-01 00:00:00,,1980,True
RUSSIA,RU -116 ,BELOYARSK-4,FBR  ,BN-800,2100,885,820,REA,AEM,71.3,72.4,2006-07-01,2015-12-01,2016-10-01 00:00:00,,3440,True
RUSSIA,RU -12  ,KOLA-1,PWR  ,VVER V-230,1375,440,411,REA,AEM,71.9,77.2,1970-05-01,1973-06-01,1973-12-01 00:00:00,,1127,True
RUSSIA,RU -13  ,KOLA-2,PWR  ,VVER V-230,1375,440,411,REA,AEM,72.8,77.3,1970-05-01,1974-12-01,1975-02-01 00:00:00,,1675,True
RUSSIA,RU -142 ,BILIBINO-2,LWGR ,EGP-6,62,12,11,REA,AEM,72.7,81.5,1970-01-01,1974-12-01,1975-02-01 00:00:00,,1795,True
RUSSIA,RU -143 ,BILIBINO-3,LWGR ,EGP-6,62,12,11,REA,AEM,73.0,82.0,1970-01-01,1975-12-01,1976-02-01 00:00:00,,2160,True
RUSSIA,RU -144 ,BILIBINO-4,LWGR ,EGP-6,62,12,11,REA,AEM,71.6,80.1,1970-01-01,1976-12-01,1977-01-01 00:00:00,,2526,True
RUSSIA,RU -151 ,AKADEMIK LOMONOSOV-1,PWR  ,KLT-40S 'Float,150,35,32,REA,AEM,90.4,90.4,2007-04-01,2019-12-01,2020-05-01 00:00:00,,4627,True
RUSSIA,RU -152 ,AKADEMIK LOMONOSOV-2,PWR  ,KLT-40S 'Float,150,35,32,REA,AEM,77.4,77.4,2007-04-01,2019-12-01,2020-05-01 00:00:00,,4627,True
RUSSIA,RU -161 ,NOVOVORONEZH 2-1,PWR  ,VVER V-392M,3200,1180,1100,REA,AEM,75.7,77.7,2008-06-01,2016-08-01,2017-02-01 00:00:00,,2983,True
RUSSIA,RU -162 ,NOVOVORONEZH 2-2,PWR  ,VVER V-392M,3200,1181,1101,REA,AEM,82.1,83.9,2009-07-01,2019-05-01,2019-10-01 00:00:00,,3591,True
RUSSIA,RU -163 ,LENINGRAD 2-1,PWR  ,VVER V-491,3200,1188,1101,REA,AEM,74.3,75.0,2008-10-01,2018-03-01,2018-10-01 00:00:00,,3438,True
RUSSIA,RU -164 ,LENINGRAD 2-2,PWR  ,VVER V-491,3200,1188,1066,REA,AEM,0.0,0.0,2010-04-01,2020-10-01,2021-03-01 00:00:00,,3836,True
RUSSIA,RU -17  ,KURSK-1,LWGR ,RBMK-1000,3200,1000,925,REA,AEM,63.8,65.5,1972-06-01,1976-12-01,1977-10-01 00:00:00,,1644,True
RUSSIA,RU -20  ,NOVOVORONEZH-5,PWR  ,VVER V-187,3000,1000,950,REA,AEM,66.5,67.3,1974-03-01,1980-05-01,1981-02-01 00:00:00,,2253,True
RUSSIA,RU -21  ,BELOYARSK-3,FBR  ,BN-600,1470,600,560,REA,AEM,75.7,76.3,1969-01-01,1980-04-01,1981-11-01 00:00:00,,4108,True
RUSSIA,RU -22  ,KURSK-2,LWGR ,RBMK-1000,3200,1000,925,REA,AEM,64.0,65.9,1973-01-01,1979-01-01,1979-08-01 00:00:00,,2191,True
RUSSIA,RU -23  ,SMOLENSK-1,LWGR ,RBMK-1000,3200,1000,925,REA,AEM,73.9,75.6,1975-10-01,1982-12-01,1983-09-01 00:00:00,,2618,True
RUSSIA,RU -24  ,SMOLENSK-2,LWGR ,RBMK-1000,3200,1000,925,REA,AEM,75.7,77.6,1976-06-01,1985-05-01,1985-07-01 00:00:00,,3256,True
RUSSIA,RU -30  ,KALININ-1,PWR  ,VVER V-338,3000,1000,950,REA,AEM,74.1,74.8,1977-02-01,1984-05-01,1985-06-01 00:00:00,,2646,True
RUSSIA,RU -31  ,KALININ-2,PWR  ,VVER V-338,3000,1000,950,REA,AEM,77.1,79.1,1982-02-01,1986-12-01,1987-03-01 00:00:00,,1764,True
RUSSIA,RU -32  ,KOLA-3,PWR  ,VVER V-213,1375,440,411,REA,AEM,76.4,82.4,1977-04-01,1981-03-01,1982-12-01 00:00:00,,1430,True
RUSSIA,RU -33  ,KOLA-4,PWR  ,VVER V-213,1375,440,411,REA,AEM,76.5,82.3,1976-08-01,1984-10-01,1984-12-01 00:00:00,,2983,True
RUSSIA,RU -34  ,LENINGRAD-3,LWGR ,RBMK-1000,3200,1000,925,REA,AEM,73.4,74.3,1973-12-01,1979-12-01,1980-06-01 00:00:00,,2191,True
RUSSIA,RU -35  ,LENINGRAD-4,LWGR ,RBMK-1000,3200,1000,925,REA,AEM,74.9,75.8,1975-02-01,1981-02-01,1981-08-01 00:00:00,,2192,True
RUSSIA,RU -36  ,KALININ-3,PWR  ,VVER V-320,3200,1000,950,REA,AEM,84.3,84.4,1985-10-01,2004-12-01,2005-11-01 00:00:00,,7001,True
RUSSIA,RU -37  ,KALININ-4,PWR  ,VVER V-320,3200,1000,950,REA,AEM,87.3,87.3,1986-08-01,2011-11-01,2012-12-01 00:00:00,,9223,True
RUSSIA,RU -38  ,KURSK-3,LWGR ,RBMK-1000,3200,1000,925,REA,AEM,74.0,75.1,1978-04-01,1983-10-01,1984-03-01 00:00:00,,2009,True
RUSSIA,RU -39  ,KURSK-4,LWGR ,RBMK-1000,3200,1000,925,REA,AEM,77.5,78.5,1981-05-01,1985-12-01,1986-02-01 00:00:00,,1675,True
RUSSIA,RU -59  ,ROSTOV-1,PWR  ,VVER V-320,3200,1000,950,REA,AEM,88.1,88.4,1981-09-01,2001-03-01,2001-12-01 00:00:00,,7121,True
RUSSIA,RU -62  ,ROSTOV-2,PWR  ,VVER V-320,3200,1000,950,REA,AEM,89.3,89.6,1983-05-01,2010-03-01,2010-12-01 00:00:00,,9801,True
RUSSIA,RU -63  ,ROSTOV-3,PWR  ,VVER V-320,3000,1000,950,REA,AEM,84.0,85.2,2009-09-01,2014-12-01,2015-09-01 00:00:00,,1917,True
RUSSIA,RU -64  ,ROSTOV-4,PWR  ,VVER V-320,3000,1030,979,REA,AEM,91.9,93.6,2010-06-01,2018-02-01,2018-09-01 00:00:00,,2802,True
RUSSIA,RU -67  ,SMOLENSK-3,LWGR ,RBMK-1000,3200,1000,925,REA,AEM,78.9,80.5,1984-05-01,1990-01-01,1990-10-01 00:00:00,,2071,True
RUSSIA,RU -96  ,BALAKOVO-1,PWR  ,VVER V-320,3000,1000,950,REA,AEM,74.2,76.0,1980-12-01,1985-12-01,1986-05-01 00:00:00,,1826,True
RUSSIA,RU -97  ,BALAKOVO-2,PWR  ,VVER V-320,3000,1000,950,REA,AEM,73.6,76.0,1981-08-01,1987-10-01,1988-01-01 00:00:00,,2252,True
RUSSIA,RU -98  ,BALAKOVO-3,PWR  ,VVER V-320,3000,1000,950,REA,AEM,76.2,79.1,1982-11-01,1988-12-01,1989-04-01 00:00:00,,2222,True
RUSSIA,RU -99  ,BALAKOVO-4,PWR  ,VVER V-320,3200,1000,950,REA,AEM,80.5,83.7,1984-04-01,1993-04-01,1993-12-01 00:00:00,,3287,True
SLOVAKIA,SK -13  ,BOHUNICE-3,PWR  ,VVER V-213,1471,500,466,SE,ŠKODA ,81.4,84.7,1976-12-01,1984-08-01,1985-02-01 00:00:00,,2800,True
SLOVAKIA,SK -14  ,BOHUNICE-4,PWR  ,VVER V-213,1471,500,466,SE,ŠKODA ,82.4,85.5,1976-12-01,1985-08-01,1985-12-01 00:00:00,,3165,True
SLOVAKIA,SK -6   ,MOCHOVCE-1,PWR  ,VVER V-213,1471,470,436,SE,ŠKODA ,86.9,88.5,1983-10-01,1998-07-01,1998-10-01 00:00:00,,5387,True
SLOVAKIA,SK -7   ,MOCHOVCE-2,PWR  ,VVER V-213,1471,501,469,SE,ŠKODA ,87.1,88.4,1983-10-01,1999-12-01,2000-04-01 00:00:00,,5905,True
SLOVENIA,SI -1   ,KRSKO,PWR  ,WH 2LP,1994,727,688,NEK,WH,86.4,87.4,1975-03-01,1981-10-01,1983-01-01 00:00:00,,2406,True
SOUTH AFRICA,ZA -1   ,KOEBERG-1,PWR  ,CP1,2775,970,930,ESKOM,FRAM,74.0,77.3,1976-07-01,1984-04-01,1984-07-01 00:00:00,,2831,True
SOUTH AFRICA,ZA -2   ,KOEBERG-2,PWR  ,CP1,2775,970,930,ESKOM,FRAM,73.5,79.5,1976-07-01,1985-07-01,1985-11-01 00:00:00,,3287,True
SPAIN,ES -10  ,COFRENTES,BWR  ,BWR-6 (Mark 3),3237,1102,1064,ID,GE,87.4,88.4,1975-09-01,1984-10-01,1985-03-01 00:00:00,,3318,True
SPAIN,ES -11  ,TRILLO-1,PWR  ,PWR 3 loops,3010,1066,1003,CNAT,KWU,87.3,87.8,1979-08-01,1988-05-01,1988-08-01 00:00:00,,3196,True
SPAIN,ES -16  ,VANDELLOS-2,PWR  ,WH 3LP,2941,1087,1045,ANAV,WH,82.3,83.3,1980-12-01,1987-12-01,1988-03-01 00:00:00,,2556,True
SPAIN,ES -6   ,ALMARAZ-1,PWR  ,WH 3LP,2947,1049,1011,CNAT,WH,86.0,87.0,1973-07-01,1981-05-01,1983-09-01 00:00:00,,2861,True
SPAIN,ES -7   ,ALMARAZ-2,PWR  ,WH 3LP,2947,1044,1006,CNAT,WH,87.7,88.8,1973-07-01,1983-10-01,1984-07-01 00:00:00,,3744,True
SPAIN,ES -8   ,ASCO-1,PWR  ,WH 3LP,2941,1033,995,ANAV,WH,85.6,86.2,1974-05-01,1983-08-01,1984-12-01 00:00:00,,3379,True
SPAIN,ES -9   ,ASCO-2,PWR  ,WH 3LP,2941,1027,997,ANAV,WH,87.3,88.2,1975-03-01,1985-10-01,1986-03-01 00:00:00,,3867,True
SWEDEN,SE -10  ,RINGHALS-4,PWR  ,WH 3LP,3300,1171,1130,RAB,WH,83.1,85.4,1973-11-01,1982-06-01,1983-11-01 00:00:00,,3134,True
SWEDEN,SE -11  ,FORSMARK-2,BWR  ,"AA-III, BWR-25",3253,1157,1118,FKA,ABB ATOM,82.6,84.5,1975-01-01,1981-01-01,1981-07-01 00:00:00,,2192,True
SWEDEN,SE -12  ,OSKARSHAMN-3,BWR  ,"AA-IV, BWR-300",3900,1450,1400,OKG,ABB ATOM,80.8,82.0,1980-05-01,1985-03-01,1985-08-01 00:00:00,,1765,True
SWEDEN,SE -14  ,FORSMARK-3,BWR  ,"AA-IV, BWR-300",3300,1195,1172,FKA,ABB ATOM,85.4,87.5,1979-01-01,1985-03-01,1985-08-01 00:00:00,,2251,True
SWEDEN,SE -7   ,RINGHALS-3,PWR  ,WH 3LP,3135,1117,1072,RAB,WH,78.5,80.5,1972-09-01,1980-09-01,1981-09-01 00:00:00,,2922,True
SWEDEN,SE -9   ,FORSMARK-1,BWR  ,"AA-III, BWR-25",2927,1027,990,FKA,ABB ATOM,84.4,86.4,1973-06-01,1980-06-01,1980-12-01 00:00:00,,2557,True
SWITZERLAND,CH -1   ,BEZNAU-1,PWR  ,WH 2LP,1130,380,365,Axpo AG,WH,80.3,80.6,1965-09-01,1969-07-01,1969-12-01 00:00:00,,1399,True
SWITZERLAND,CH -3   ,BEZNAU-2,PWR  ,WH 2LP,1130,380,365,Axpo AG,WH,87.4,87.6,1968-01-01,1971-10-01,1972-03-01 00:00:00,,1369,True
SWITZERLAND,CH -4   ,GOESGEN,PWR  ,PWR 3 Loop,3002,1060,1010,KKG,KWU,89.0,89.8,1973-12-01,1979-02-01,1979-11-01 00:00:00,,1888,True
SWITZERLAND,CH -5   ,LEIBSTADT,BWR  ,BWR-6,3600,1275,1220,KKL,GETSCO,83.1,84.7,1974-01-01,1984-05-01,1984-12-01 00:00:00,,3773,True
UAE,AE -01  ,BARAKAH-1,PWR  ,APR-1400,3983,1400,1345,NAWAH,KEPCO,0.0,0.0,2012-07-01,2020-08-01,2021-04-01 00:00:00,,2953,True
UK,GB -16A ,HINKLEY POINT B-1,GCR  ,AGR,1494,655,485,EDF UK,TNPG,75.8,76.3,1967-09-01,1976-10-01,1978-10-01 00:00:00,,3318,True
UK,GB -16B ,HINKLEY POINT B-2,GCR  ,AGR,1494,655,480,EDF UK,TNPG,74.3,75.2,1967-09-01,1976-02-01,1976-09-01 00:00:00,,3075,True
UK,GB -17A ,HUNTERSTON B-1,GCR  ,AGR,1496,644,490,EDF UK,TNPG,69.4,69.7,1967-11-01,1976-02-01,1976-02-01 00:00:00,,3014,True
UK,GB -17B ,HUNTERSTON B-2,GCR  ,AGR,1496,644,495,EDF UK,TNPG,71.3,71.4,1967-11-01,1977-03-01,1977-03-01 00:00:00,,3408,True
UK,GB -18A ,DUNGENESS B-1,GCR  ,AGR,1500,615,545,EDF UK,APC,43.5,44.7,1965-10-01,1983-04-01,1985-04-01 00:00:00,,6391,True
UK,GB -18B ,DUNGENESS B-2,GCR  ,AGR,1500,615,545,EDF UK,APC,48.7,48.9,1965-10-01,1985-12-01,1989-04-01 00:00:00,,7366,True
UK,GB -19A ,HARTLEPOOL A-1,GCR  ,AGR,1500,655,590,EDF UK,NPC,70.3,70.4,1968-10-01,1983-08-01,1989-04-01 00:00:00,,5417,True
UK,GB -19B ,HARTLEPOOL A-2,GCR  ,AGR,1500,655,595,EDF UK,NPC,71.6,71.8,1968-10-01,1984-10-01,1989-04-01 00:00:00,,5844,True
UK,GB -20A ,HEYSHAM A-1,GCR  ,AGR,1500,625,485,EDF UK,NPC,68.1,68.3,1970-12-01,1983-07-01,1989-04-01 00:00:00,,4595,True
UK,GB -20B ,HEYSHAM A-2,GCR  ,AGR,1500,625,575,EDF UK,NPC,67.3,67.7,1970-12-01,1984-10-01,1989-04-01 00:00:00,,5053,True
UK,GB -22A ,HEYSHAM B-1,GCR  ,AGR,1550,680,620,EDF UK,NPC,80.1,80.7,1980-08-01,1988-07-01,1989-04-01 00:00:00,,2891,True
UK,GB -22B ,HEYSHAM B-2,GCR  ,AGR,1550,680,620,EDF UK,NPC,78.3,79.1,1980-08-01,1988-11-01,1989-04-01 00:00:00,,3014,True
UK,GB -23A ,TORNESS-1,GCR  ,AGR,1623,682,595,EDF UK,NNC,78.0,79.6,1980-08-01,1988-05-01,1988-05-01 00:00:00,,2830,True
UK,GB -23B ,TORNESS-2,GCR  ,AGR,1623,682,605,EDF UK,NNC,77.3,78.4,1980-08-01,1989-02-01,1989-02-01 00:00:00,,3106,True
UK,GB -24  ,SIZEWELL B,PWR  ,SNUPPS,3425,1250,1198,EDF UK,PPC,84.4,85.2,1988-07-01,1995-02-01,1995-09-01 00:00:00,,2406,True
UKRAINE,UA -126 ,ZAPOROZHYE-5,PWR  ,VVER V-320,3000,1000,950,NNEGC,PAIP,73.8,75.8,1985-11-01,1989-08-01,1989-10-01 00:00:00,,1369,True
UKRAINE,UA -127 ,ZAPOROZHYE-6,PWR  ,VVER V-320,3000,1000,950,NNEGC,PAIP,79.3,81.4,1986-06-01,1995-10-01,1996-09-01 00:00:00,,3409,True
UKRAINE,UA -27  ,ROVNO-1,PWR  ,VVER V-213,1375,420,381,NNEGC,PAIP,79.1,79.7,1973-08-01,1980-12-01,1981-09-01 00:00:00,,2679,True
UKRAINE,UA -28  ,ROVNO-2,PWR  ,VVER V-213,1375,415,376,NNEGC,PAIP,80.4,81.3,1973-10-01,1981-12-01,1982-07-01 00:00:00,,2983,True
UKRAINE,UA -29  ,ROVNO-3,PWR  ,VVER V-320,3000,1000,950,NNEGC,PAIP,69.4,71.3,1980-02-01,1986-12-01,1987-05-01 00:00:00,,2495,True
UKRAINE,UA -40  ,KHMELNITSKI-1,PWR  ,VVER V-320,3000,1000,950,NNEGC,PAIP,71.7,72.8,1981-11-01,1987-12-01,1988-08-01 00:00:00,,2221,True
UKRAINE,UA -41  ,KHMELNITSKI-2,PWR  ,VVER V-320,3000,1000,950,NNEGC,PAIP,78.1,79.4,1985-02-01,2004-08-01,2005-12-01 00:00:00,,7121,True
UKRAINE,UA -44  ,SOUTH UKRAINE-1,PWR  ,VVER V-302,3000,1000,950,NNEGC,PAA,68.0,70.3,1976-08-01,1982-12-01,1983-12-01 00:00:00,,2313,True
UKRAINE,UA -45  ,SOUTH UKRAINE-2,PWR  ,VVER V-338,3000,1000,950,NNEGC,PAA,64.8,67.1,1981-07-01,1985-01-01,1985-04-01 00:00:00,,1280,True
UKRAINE,UA -48  ,SOUTH UKRAINE-3,PWR  ,VVER V-320,3000,1000,950,NNEGC,PAA,68.6,71.9,1984-11-01,1989-09-01,1989-12-01 00:00:00,,1765,True
UKRAINE,UA -54  ,ZAPOROZHYE-1,PWR  ,VVER V-320,3000,1000,950,NNEGC,PAIP,66.7,68.9,1980-04-01,1984-12-01,1985-12-01 00:00:00,,1705,True
UKRAINE,UA -56  ,ZAPOROZHYE-2,PWR  ,VVER V-320,3000,1000,950,NNEGC,PAIP,68.4,70.9,1981-01-01,1985-07-01,1986-02-01 00:00:00,,1642,True
UKRAINE,UA -69  ,ROVNO-4,PWR  ,VVER V-320,3000,1000,950,NNEGC,PAA,75.5,77.6,1986-08-01,2004-10-01,2006-04-01 00:00:00,,6636,True
UKRAINE,UA -78  ,ZAPOROZHYE-3,PWR  ,VVER V-320,3000,1000,950,NNEGC,PAIP,71.3,74.0,1982-04-01,1986-12-01,1987-03-01 00:00:00,,1705,True
UKRAINE,UA -79  ,ZAPOROZHYE-4,PWR  ,VVER V-320,3000,1000,950,NNEGC,PAIP,72.9,75.2,1983-04-01,1987-12-01,1988-04-01 00:00:00,,1705,True
USA,US -220 ,NINE MILE POINT-1,BWR  ,BWR-2 (Mark 1),1850,642,613,EXELON,GE,78.9,78.9,1965-04-01,1969-11-01,1969-12-01 00:00:00,,1675,True
USA,US -237 ,DRESDEN-2,BWR  ,BWR-3 (Mark 1),2957,950,894,EXELON,GE,82.1,82.1,1966-01-01,1970-04-01,1970-06-01 00:00:00,,1551,True
USA,US -244 ,GINNA,PWR  ,WH 2LP (DRYAMB,1775,608,560,EXELON,WH,87.2,87.2,1966-04-01,1969-12-01,1970-07-01 00:00:00,,1340,True
USA,US -249 ,DRESDEN-3,BWR  ,BWR-3 (Mark 1),2957,935,879,EXELON,GE,79.6,79.7,1966-10-01,1971-07-01,1971-11-01 00:00:00,,1734,True
USA,US -250 ,TURKEY POINT-3,PWR  ,WH 3LP (DRYAMB,2644,829,837,FPL,WH,80.0,80.1,1967-04-01,1972-11-01,1972-12-01 00:00:00,,2041,True
USA,US -251 ,TURKEY POINT-4,PWR  ,WH 3LP (DRYAMB,2644,829,821,FPL,WH,80.3,80.3,1967-04-01,1973-06-01,1973-09-01 00:00:00,,2253,True
USA,US -254 ,QUAD CITIES-1,BWR  ,BWR-3 (Mark 1),2957,940,908,EXELON,GE,82.3,82.3,1967-02-01,1972-04-01,1973-02-01 00:00:00,,1886,True
USA,US -255 ,PALISADES,PWR  ,CE 2LP (DRYAMB,2565,850,805,ENTERGY,CE,74.0,74.8,1967-03-01,1971-12-01,1971-12-01 00:00:00,,1736,True
USA,US -259 ,BROWNS FERRY-1,BWR  ,BWR-4 (Mark 1),3458,1256,1200,TVA,GE,77.3,77.6,1967-05-01,1973-10-01,1974-08-01 00:00:00,,2345,True
USA,US -260 ,BROWNS FERRY-2,BWR  ,BWR-4 (Mark 1),3458,1259,1200,TVA,GE,83.1,83.3,1967-05-01,1974-08-01,1975-03-01 00:00:00,,2649,True
USA,US -261 ,ROBINSON-2,PWR  ,WH 3LP (DRYAMB,2339,780,741,PROGRESS,WH,80.7,80.9,1967-04-01,1970-09-01,1971-03-01 00:00:00,,1249,True
USA,US -263 ,MONTICELLO,BWR  ,BWR-3 (Mark 1),2004,691,628,NSP,GE,85.9,85.9,1967-06-01,1971-03-01,1971-06-01 00:00:00,,1369,True
USA,US -265 ,QUAD CITIES-2,BWR  ,BWR-3 (Mark 1),2957,940,911,EXELON,GE,81.1,81.6,1967-02-01,1972-05-01,1973-03-01 00:00:00,,1916,True
USA,US -266 ,POINT BEACH-1,PWR  ,WH 2LP (DRYAMB,1800,640,591,NEXTERA,WH,85.6,85.9,1967-07-01,1970-11-01,1970-12-01 00:00:00,,1219,True
USA,US -269 ,OCONEE-1,PWR  ,B&W LLP (DRYAM,2568,891,847,DUKEENER,B&W,82.7,82.9,1967-11-01,1973-05-01,1973-07-01 00:00:00,,2008,True
USA,US -270 ,OCONEE-2,PWR  ,B&W LLP (DRYAM,2568,891,848,DUKEENER,B&W,84.6,84.7,1967-11-01,1973-12-01,1974-09-01 00:00:00,,2222,True
USA,US -272 ,SALEM-1,PWR  ,WH 4LP (DRYAMB,3459,1254,1169,PSEG,WH,73.0,73.2,1968-09-01,1976-12-01,1977-06-01 00:00:00,,3013,True
USA,US -275 ,DIABLO CANYON-1,PWR  ,WH 4LP (DRYAMB,3411,1197,1138,PG&E,WH,88.1,88.2,1968-04-01,1984-11-01,1985-05-01 00:00:00,,6058,True
USA,US -277 ,PEACH BOTTOM-2,BWR  ,BWR-4 (Mark 1),3951,1412,1300,EXELON,GE,79.9,79.9,1968-01-01,1974-02-01,1974-07-01 00:00:00,,2223,True
USA,US -278 ,PEACH BOTTOM-3,BWR  ,BWR-4 (Mark 1),3951,1412,1331,EXELON,GE,80.2,80.2,1968-01-01,1974-09-01,1974-12-01 00:00:00,,2435,True
USA,US -280 ,SURRY-1,PWR  ,WH 3LP (DRYSUB,2587,890,838,DOMINION,WH,79.3,79.3,1968-06-01,1972-07-01,1972-12-01 00:00:00,,1491,True
USA,US -281 ,SURRY-2,PWR  ,WH 3LP (DRYSUB,2587,890,838,DOMINION,WH,79.8,79.8,1968-06-01,1973-03-01,1973-05-01 00:00:00,,1734,True
USA,US -282 ,PRAIRIE ISLAND-1,PWR  ,WH 2LP (DRYAMB,1677,566,522,NSP,WH,87.2,87.2,1968-06-01,1973-12-01,1973-12-01 00:00:00,,2009,True
USA,US -286 ,INDIAN POINT-3,PWR  ,WH 4LP (DRYAMB,3216,1085,1030,ENTERGY,WH,75.1,75.2,1968-11-01,1976-04-01,1976-08-01 00:00:00,,2708,True
USA,US -287 ,OCONEE-3,PWR  ,B&W LLP (DRYAM,2568,900,859,DUKEENER,B&W,83.5,83.8,1967-11-01,1974-09-01,1974-12-01 00:00:00,,2496,True
USA,US -296 ,BROWNS FERRY-3,BWR  ,BWR-4 (Mark 1),3458,1260,1210,TVA,GE,84.9,85.2,1968-07-01,1976-09-01,1977-03-01 00:00:00,,2984,True
USA,US -298 ,COOPER,BWR  ,BWR-4 (Mark 1),2419,801,769,ENTERGY,GE,79.7,79.7,1968-06-01,1974-05-01,1974-07-01 00:00:00,,2160,True
USA,US -301 ,POINT BEACH-2,PWR  ,WH 2LP (DRYAMB,1800,640,591,NEXTERA,WH,86.7,86.7,1968-07-01,1972-08-01,1972-10-01 00:00:00,,1492,True
USA,US -306 ,PRAIRIE ISLAND-2,PWR  ,WH 2LP (DRYAMB,1677,560,519,NSP,WH,88.2,88.2,1969-06-01,1974-12-01,1974-12-01 00:00:00,,2009,True
USA,US -311 ,SALEM-2,PWR  ,WH 4LP (DRYAMB,3459,1200,1158,PSEG,WH,76.0,76.0,1968-09-01,1981-06-01,1981-10-01 00:00:00,,4656,True
USA,US -313 ,ANO-1,PWR  ,B&W LLP (DRYAM,2568,903,836,ENTERGY,B&W,81.4,81.8,1968-10-01,1974-08-01,1974-12-01 00:00:00,,2130,True
USA,US -315 ,COOK-1,PWR  ,WH 4LP (ICECDN,3304,1131,1030,AEP,WH,72.9,73.0,1969-03-01,1975-02-01,1975-08-01 00:00:00,,2163,True
USA,US -316 ,COOK-2,PWR  ,WH 4LP (ICECDN,3468,1231,1168,AEP,WH,74.3,74.4,1969-03-01,1978-03-01,1978-07-01 00:00:00,,3287,True
USA,US -317 ,CALVERT CLIFFS-1,PWR  ,CE 2LP (DRYAMB,2737,918,877,EXELON,CE,81.9,82.1,1968-06-01,1975-01-01,1975-05-01 00:00:00,,2405,True
USA,US -318 ,CALVERT CLIFFS-2,PWR  ,CE 2LP (DRYAMB,2737,911,855,EXELON,CE,85.0,85.1,1968-06-01,1976-12-01,1977-04-01 00:00:00,,3105,True
USA,US -321 ,HATCH-1,BWR  ,BWR-4 (Mark 1),2804,911,876,SOUTHERN,GE,83.7,83.7,1968-09-01,1974-11-01,1975-12-01 00:00:00,,2252,True
USA,US -323 ,DIABLO CANYON-2,PWR  ,WH 4LP (DRYAMB,3411,1197,1118,PG&E,WH,88.8,88.9,1970-12-01,1985-10-01,1986-03-01 00:00:00,,5418,True
USA,US -324 ,BRUNSWICK-2,BWR  ,BWR-4 (Mark 1),2923,960,932,PROGRESS,GE,78.1,78.4,1970-02-01,1975-04-01,1975-11-01 00:00:00,,1885,True
USA,US -325 ,BRUNSWICK-1,BWR  ,BWR-4 (Mark 1),2923,990,938,PROGRESS,GE,78.9,79.2,1970-02-01,1976-12-01,1977-03-01 00:00:00,,2495,True
USA,US -327 ,SEQUOYAH-1,PWR  ,WH 4LP (ICECND,3455,1221,1152,TVA,WH,77.1,77.1,1970-05-01,1980-07-01,1981-07-01 00:00:00,,3714,True
USA,US -328 ,SEQUOYAH-2,PWR  ,WH 4LP (ICECND,3455,1200,1139,TVA,WH,80.4,80.4,1970-05-01,1981-12-01,1982-06-01 00:00:00,,4232,True
USA,US -333 ,FITZPATRICK,BWR  ,BWR-4 (Mark 1),2536,849,813,EXELON,GE,81.3,81.4,1968-09-01,1975-02-01,1975-07-01 00:00:00,,2344,True
USA,US -334 ,BEAVER VALLEY-1,PWR  ,WH 3LP (DRYSUB,2900,959,908,FENOC,WH,78.5,78.5,1970-06-01,1976-06-01,1976-10-01 00:00:00,,2192,True
USA,US -335 ,ST. LUCIE-1,PWR  ,CE 2LP (DRYAMB,3020,1045,981,FPL,CE,83.4,83.6,1970-07-01,1976-05-01,1976-12-01 00:00:00,,2131,True
USA,US -336 ,MILLSTONE-2,PWR  ,CE 2LP (DRYAMB,2700,918,869,DOMINION,CE,72.5,73.1,1969-11-01,1975-11-01,1975-12-01 00:00:00,,2191,True
USA,US -338 ,NORTH ANNA-1,PWR  ,WH 3LP (DRYSUB,2940,990,948,DOMINION,WH,84.6,85.2,1971-02-01,1978-04-01,1978-06-01 00:00:00,,2616,True
USA,US -339 ,NORTH ANNA-2,PWR  ,WH 3LP (DRYSUB,2940,1011,944,DOMINION,WH,86.9,87.5,1971-02-01,1980-08-01,1980-12-01 00:00:00,,3469,True
USA,US -341 ,FERMI-2,BWR  ,BWR-4 (Mark 1),3486,1198,1115,DTEDISON,GE,80.0,80.0,1972-09-01,1986-09-01,1988-01-01 00:00:00,,5113,True
USA,US -346 ,DAVIS BESSE-1,PWR  ,B&W RLP (DRYAM,2817,925,894,FENOC,B&W,74.1,74.2,1970-09-01,1977-08-01,1978-07-01 00:00:00,,2526,True
USA,US -348 ,FARLEY-1,PWR  ,WH 3LP (DRYAMB,2775,918,874,SOUTHERN,WH,85.9,86.0,1970-10-01,1977-08-01,1977-12-01 00:00:00,,2496,True
USA,US -352 ,LIMERICK-1,BWR  ,BWR-4 (Mark 2),3515,1194,1134,EXELON,GE,91.6,91.6,1974-06-01,1985-04-01,1986-02-01 00:00:00,,3957,True
USA,US -353 ,LIMERICK-2,BWR  ,BWR-4 (Mark 2),3515,1194,1134,EXELON,GE,93.8,93.8,1974-06-01,1989-09-01,1990-01-01 00:00:00,,5571,True
USA,US -354 ,HOPE CREEK-1,BWR  ,BWR-4 (Mark 1),3840,1240,1172,PSEG,GE,88.6,88.6,1976-03-01,1986-08-01,1986-12-01 00:00:00,,3805,True
USA,US -364 ,FARLEY-2,PWR  ,WH 3LP (DRYAMB,2775,928,883,SOUTHERN,WH,89.1,89.1,1970-10-01,1981-05-01,1981-07-01 00:00:00,,3865,True
USA,US -366 ,HATCH-2,BWR  ,BWR-4 (Mark 1),2804,921,883,SOUTHERN,GE,85.4,85.4,1972-02-01,1978-09-01,1979-09-01 00:00:00,,2404,True
USA,US -368 ,ANO-2,PWR  ,CE 2LP (DRYAMB,3026,1065,988,ENTERGY,CE,84.1,84.3,1968-12-01,1978-12-01,1980-03-01 00:00:00,,3652,True
USA,US -369 ,MCGUIRE-1,PWR  ,WH 4LP (ICECND,3411,1215,1158,DUKEENER,WH,83.8,84.1,1971-04-01,1981-09-01,1981-12-01 00:00:00,,3806,True
USA,US -370 ,MCGUIRE-2,PWR  ,WH 4LP (ICECND,3411,1215,1158,DUKEENER,WH,87.0,87.0,1971-04-01,1983-05-01,1984-03-01 00:00:00,,4413,True
USA,US -373 ,LASALLE-1,BWR  ,BWR-5 (Mark 2),3546,1207,1137,EXELON,GE,82.1,82.1,1973-09-01,1982-09-01,1984-01-01 00:00:00,,3287,True
USA,US -374 ,LASALLE-2,BWR  ,BWR-5 (Mark 2),3546,1207,1140,EXELON,GE,81.7,81.7,1973-09-01,1984-04-01,1984-10-01 00:00:00,,3865,True
USA,US -382 ,WATERFORD-3,PWR  ,CE 2LP (DRYAMB,3716,1250,1168,ENTERGY,CE,87.5,87.7,1974-11-01,1985-03-01,1985-09-01 00:00:00,,3773,True
USA,US -387 ,SUSQUEHANNA-1,BWR  ,BWR-4 (Mark 2),3952,1330,1257,PPL_SUSQ,GE,85.5,85.5,1973-11-01,1982-11-01,1983-06-01 00:00:00,,3287,True
USA,US -388 ,SUSQUEHANNA-2,BWR  ,BWR-4 (Mark 2),3952,1330,1257,PPL_SUSQ,GE,88.7,88.7,1973-11-01,1984-07-01,1985-02-01 00:00:00,,3895,True
USA,US -389 ,ST. LUCIE-2,PWR  ,CE 2LP (DRYAMB,3020,1050,987,FPL,CE,86.5,86.8,1977-06-01,1983-06-01,1983-08-01 00:00:00,,2191,True
USA,US -390 ,WATTS BAR-1,PWR  ,WH 4LP (ICECND,3459,1210,1157,TVA,WH,90.0,90.1,1973-07-01,1996-02-01,1996-05-01 00:00:00,,8250,True
USA,US -391 ,WATTS BAR-2,PWR  ,WH 4LP (ICECND,3411,1218,1164,TVA,WH,82.6,82.6,1973-09-01,2016-06-01,2016-10-01 00:00:00,,15614,True
USA,US -395 ,SUMMER-1,PWR  ,WH 3LP (DRYAMB,2900,1006,973,SCE&G,WH,86.1,86.1,1973-03-01,1982-11-01,1984-01-01 00:00:00,,3532,True
USA,US -397 ,COLUMBIA,BWR  ,BWR-5 (Mark 2),3486,1190,1131,ENERGYNW,GE,81.5,82.1,1972-08-01,1984-05-01,1984-12-01 00:00:00,,4291,True
USA,US -400 ,HARRIS-1,PWR  ,WH 3LP (DRYAMB,2900,980,964,PROGRESS,WH,89.4,89.5,1978-01-01,1987-01-01,1987-05-01 00:00:00,,3287,True
USA,US -410 ,NINE MILE POINT-2,BWR  ,BWR-5 (Mark 2),3988,1320,1277,EXELON,GE,87.2,87.2,1975-08-01,1987-08-01,1988-03-01 00:00:00,,4383,True
USA,US -412 ,BEAVER VALLEY-2,PWR  ,WH 3LP (DRYSUB,2900,958,905,FENOC,WH,88.8,88.8,1974-05-01,1987-08-01,1987-11-01 00:00:00,,4840,True
USA,US -413 ,CATAWBA-1,PWR  ,WH 4LP (ICECND,3411,1188,1160,DUKEENER,WH,87.0,87.0,1974-05-01,1985-01-01,1985-06-01 00:00:00,,3898,True
USA,US -414 ,CATAWBA-2,PWR  ,WH 4LP (ICECND,3411,1188,1150,DUKEENER,WH,88.1,88.1,1974-05-01,1986-05-01,1986-08-01 00:00:00,,4383,True
USA,US -416 ,GRAND GULF-1,BWR  ,BWR-6 (Mark 3),4408,1500,1401,ENTERGY,GE,84.0,84.2,1974-05-01,1984-10-01,1985-07-01 00:00:00,,3806,True
USA,US -423 ,MILLSTONE-3,PWR  ,WH 4LP (DRYSUB,3650,1280,1210,DOMINION,WH,81.0,81.1,1974-08-01,1986-02-01,1986-04-01 00:00:00,,4202,True
USA,US -424 ,VOGTLE-1,PWR  ,WH 4LP (DRYAMB,3626,1229,1150,SOUTHERN,WH,91.4,91.5,1976-08-01,1987-03-01,1987-06-01 00:00:00,,3864,True
USA,US -425 ,VOGTLE-2,PWR  ,WH 4LP (DRYAMB,3626,1229,1152,SOUTHERN,WH,91.6,91.6,1976-08-01,1989-04-01,1989-05-01 00:00:00,,4626,True
USA,US -440 ,PERRY-1,BWR  ,BWR-6 (Mark 3),3758,1303,1240,FENOC,GE,84.2,84.2,1974-10-01,1986-12-01,1987-11-01 00:00:00,,4444,True
USA,US -443 ,SEABROOK-1,PWR  ,WH 4LP (DRYAMB,3648,1296,1246,NEXTERA,WH,88.9,88.9,1976-07-01,1990-05-01,1990-08-01 00:00:00,,5052,True
USA,US -445 ,COMANCHE PEAK-1,PWR  ,WH 4LP (DRYAMB,3612,1259,1205,LUMINANT,WH,90.6,90.6,1974-12-01,1990-04-01,1990-08-01 00:00:00,,5600,True
USA,US -446 ,COMANCHE PEAK-2,PWR  ,WH 4LP (DRYAMB,3612,1250,1195,LUMINANT,WH,91.4,91.4,1974-12-01,1993-04-01,1993-08-01 00:00:00,,6696,True
USA,US -454 ,BYRON-1,PWR  ,WH 4LP (DRYAMB,3645,1242,1164,EXELON,WH,90.1,90.1,1975-04-01,1985-03-01,1985-09-01 00:00:00,,3622,True
USA,US -455 ,BYRON-2,PWR  ,WH 4LP (DRYAMB,3645,1210,1136,EXELON,WH,93.1,93.1,1975-04-01,1987-02-01,1987-08-01 00:00:00,,4324,True
USA,US -456 ,BRAIDWOOD-1,PWR  ,WH 4LP (DRYAMB,3645,1270,1194,EXELON,WH,90.5,90.5,1975-08-01,1987-07-01,1988-07-01 00:00:00,,4352,True
USA,US -457 ,BRAIDWOOD-2,PWR  ,WH 4LP (DRYAMB,3645,1230,1160,EXELON,WH,92.4,92.4,1975-08-01,1988-05-01,1988-10-01 00:00:00,,4657,True
USA,US -458 ,RIVER BEND-1,BWR  ,BWR-6 (Mark 3),3091,1016,967,ENTERGY,GE,84.8,84.9,1977-03-01,1985-12-01,1986-06-01 00:00:00,,3197,True
USA,US -461 ,CLINTON-1,BWR  ,BWR-6 (Mark 3),3473,1098,1062,EXELON,GE,82.2,82.2,1975-10-01,1987-04-01,1987-11-01 00:00:00,,4200,True
USA,US -482 ,WOLF CREEK,PWR  ,WH 4LP (DRYAMB,3565,1285,1200,WCNOC,WH,85.9,85.9,1977-05-01,1985-06-01,1985-09-01 00:00:00,,2953,True
USA,US -483 ,CALLAWAY-1,PWR  ,WH 4LP (DRYAMB,3565,1275,1215,AmerenUE,WH,88.4,88.4,1975-09-01,1984-10-01,1984-12-01 00:00:00,,3318,True
USA,US -498 ,SOUTH TEXAS-1,PWR  ,WH 4LP (DRYAMB,3853,1354,1280,STP,WH,84.4,84.4,1975-12-01,1988-03-01,1988-08-01 00:00:00,,4474,True
USA,US -499 ,SOUTH TEXAS-2,PWR  ,WH 4LP (DRYAMB,3853,1354,1280,STP,WH,84.3,84.3,1975-12-01,1989-04-01,1989-06-01 00:00:00,,4870,True
USA,US -528 ,PALO VERDE-1,PWR  ,CE80 2LP (DRYA,3990,1414,1311,APS,CE,82.2,82.3,1976-05-01,1985-06-01,1986-01-01 00:00:00,,3318,True
USA,US -529 ,PALO VERDE-2,PWR  ,CE80 2LP (DRYA,3990,1414,1314,APS,CE,84.5,84.5,1976-06-01,1986-05-01,1986-09-01 00:00:00,,3621,True
USA,US -530 ,PALO VERDE-3,PWR  ,CE80 2LP (DRYA,3990,1414,1312,APS,CE,86.3,86.5,1976-06-01,1987-11-01,1988-01-01 00:00:00,,4170,True
"TAIWAN,CHINA",TW -3   ,KUOSHENG-1,BWR  ,BWR-6,2894,985,985,TPC,GE,83.9,84.7,1975-11-01,1981-05-01,1981-05-01 00:00:00,,2008,True
"TAIWAN,CHINA",TW -4   ,KUOSHENG-2,BWR  ,BWR-6,2894,985,985,TPC,GE,83.3,84.3,1976-03-01,1982-06-01,1982-06-01 00:00:00,,2283,True
"TAIWAN,CHINA",TW -5   ,MAANSHAN-1,PWR  ,WH 3LP (WE 312,2822,951,936,TPC,WH,86.7,87.7,1978-08-01,1984-05-01,1984-05-01 00:00:00,,2100,True
"TAIWAN,CHINA",TW -6   ,MAANSHAN-2,PWR  ,WH 3LP (WE 312,2822,951,938,TPC,WH,86.2,87.4,1979-02-01,1985-02-01,1985-02-01 00:00:00,,2192,True
